size,processes,read,SCC,elapsed
2000,1,0.096396,0.215170,0.311566
2000,1,0.097647,0.217055,0.314702
2000,1,0.096666,0.210511,0.307177
2000,1,0.096464,0.210660,0.307124
2000,1,0.097227,0.211753,0.308980
2000,1,0.096925,0.211972,0.308897
2000,1,0.097279,0.214895,0.312174
2000,1,0.096765,0.213964,0.310729
2000,1,0.096628,0.212777,0.309405
2000,1,0.097324,0.214958,0.312282
