size,processes,read,SCC,elapsed
2000,8,0.087294,1.061908,1.149202
2000,8,0.119299,1.136422,1.255721
2000,8,0.087413,0.946570,1.033983
