size,processes,read,SCC,elapsed
2000,2,0.050375,0.450333,0.500708
2000,2,0.050810,0.334402,0.385212
2000,2,0.049158,0.358129,0.407287
