size,processes,read,SCC,elapsed
2000,4,0.026865,0.507501,0.534366
2000,4,0.025743,0.447844,0.473587
2000,4,0.027279,0.436066,0.463345
