size,processes,read,SCC,elapsed
2000,2,0.047840,0.421090,0.468930
2000,2,0.048685,0.349367,0.398052
2000,2,0.048366,0.352101,0.400467
2000,2,0.047681,0.347379,0.395060
2000,2,0.048342,0.359345,0.407687
2000,2,0.047821,0.349083,0.396904
2000,2,0.048523,0.338017,0.386540
2000,2,0.048022,0.354474,0.402496
2000,2,0.048559,0.338319,0.386878
2000,2,0.048335,0.354733,0.403068
