size,processes,read,SCC,elapsed
2000,1,0.097906,0.218430,0.316336
2000,1,0.099042,0.212457,0.311499
2000,1,0.097017,0.212754,0.309771
