size,processes,read,SCC,elapsed
2000,0,0.343424,0.211861,0.555285
2000,0,0.343141,0.213636,0.556777
2000,0,0.345662,0.207924,0.553586
