size,processes,read,SCC,elapsed
2000,8,0.154060,0.992423,1.146483
2000,8,0.138626,1.020658,1.159284
2000,8,0.114348,0.998158,1.112506
