size,processes,read,SCC,elapsed
2000,2,0.119983,0.860182,0.980165
2000,2,0.117726,0.858013,0.975739
2000,2,0.117688,0.858319,0.976007
