size,processes,read,SCC,elapsed
2000,0,0.495334,0.799762,1.295096
2000,0,0.499030,0.791110,1.290140
2000,0,0.496845,0.794422,1.291267
