size,processes,read,SCC,elapsed
2000,1,0.236011,0.799054,1.035065
2000,1,0.235505,0.798347,1.033852
2000,1,0.236314,0.801234,1.037548
2000,1,0.236279,0.803484,1.039763
2000,1,0.237214,0.803831,1.041045
2000,1,0.235820,0.814493,1.050313
2000,1,0.235073,0.819774,1.054847
2000,1,0.241240,0.814021,1.055261
2000,1,0.236549,0.806904,1.043453
2000,1,0.235581,0.804902,1.040483
