size,processes,read,SCC,elapsed
2000,1,0.238667,0.803356,1.042023
2000,1,0.237877,0.820714,1.058591
2000,1,0.237174,0.823380,1.060554
