size,processes,read,SCC,elapsed
2000,4,0.071044,0.758429,0.829473
2000,4,0.076705,0.750398,0.827103
2000,4,0.127682,1.263628,1.391310
