size,processes,read,SCC,elapsed
2000,2,0.117115,0.856729,0.973844
2000,2,0.119681,0.862631,0.982312
2000,2,0.116894,0.858895,0.975789
2000,2,0.117046,0.855638,0.972684
2000,2,0.116624,0.856738,0.973362
2000,2,0.117270,0.856640,0.973910
2000,2,0.117411,0.850783,0.968194
2000,2,0.117228,0.854493,0.971721
2000,2,0.116929,0.856493,0.973422
2000,2,0.117336,0.855287,0.972623
