size,processes,read,SCC,elapsed
2000,4,0.063915,0.710307,0.774222
2000,4,0.063517,0.725330,0.788847
2000,4,0.061720,0.717227,0.778947
2000,4,0.063047,0.729935,0.792982
2000,4,0.060465,0.716061,0.776526
2000,4,0.061975,0.752575,0.814550
2000,4,0.064718,0.716595,0.781313
2000,4,0.063344,0.740436,0.803780
2000,4,0.062612,0.737156,0.799768
2000,4,0.065021,0.793662,0.858683
