size,processes,read,SCC,elapsed
400,16,0.453483,1.062122,1.515605
400,16,0.934552,0.873431,1.807983
400,16,0.345669,1.152961,1.498630
