size,processes,read,SCC,elapsed
400,2,0.224859,0.890061,1.114921
400,2,0.288606,0.847842,1.136448
400,2,0.417576,0.774508,1.192084
