size,processes,read,SCC,elapsed
400,1,0.406132,0.505301,0.911433
400,1,0.404833,0.580705,0.985537
400,1,0.415387,0.591200,1.006587
