size,processes,read,SCC,elapsed
400,0,0.584736,0.653678,1.238414
400,0,0.534256,0.625783,1.160039
400,0,0.453678,0.625678,1.079356