size,processes,read,SCC,elapsed
400,8,1.651325,1.239808,2.891133
400,8,1.455335,1.046244,2.501578
400,8,1.168509,1.062691,2.231200
