size,processes,read,SCC,elapsed
400,4,0.541460,1.055821,1.597281
400,4,0.604270,1.152446,1.756717
400,4,0.572384,1.239955,1.812339
