size,processes,read,SCC,elapsed
4000,1,0.649432,1.076165,1.725597
4000,1,0.651018,1.074665,1.725683
4000,1,0.654483,1.087573,1.742056
