size,processes,read,SCC,elapsed
4000,4,0.172943,1.990770,2.163713
4000,4,0.185816,1.931733,2.117549
4000,4,0.175028,2.052125,2.227153
