size,processes,read,SCC,elapsed
4000,2,0.323686,1.719971,2.043657
4000,2,0.324452,1.780011,2.104463
4000,2,0.325494,1.710407,2.035901
4000,2,0.332855,1.703991,2.036846
4000,2,0.323288,1.539584,1.862872
4000,2,0.325220,1.680422,2.005642
4000,2,0.327667,1.716321,2.043988
4000,2,0.326685,1.735700,2.062385
4000,2,0.324771,1.522193,1.846964
4000,2,0.323642,1.535957,1.859599
