size,processes,read,SCC,elapsed
4000,0,1.658650,1.084539,2.743189
4000,0,1.650869,1.073966,2.724835
4000,0,1.650398,1.077144,2.727542
4000,0,1.660311,1.057220,2.717531
4000,0,1.648002,1.068173,2.716175
4000,0,1.655115,1.063751,2.718866
4000,0,1.655669,1.068397,2.724066
4000,0,1.647950,1.059775,2.707725
4000,0,1.652235,1.068099,2.720334
4000,0,1.659468,1.059990,2.719458
