size,processes,read,SCC,elapsed
4000,0,1.677995,1.079449,2.757444
4000,0,1.648756,1.094807,2.743563
4000,0,1.648269,1.066058,2.714327
