size,processes,read,SCC,elapsed
4000,4,0.176717,1.998400,2.175117
4000,4,0.174500,2.070525,2.245025
4000,4,0.185599,2.070407,2.256006
4000,4,0.183233,2.049831,2.233064
4000,4,0.174814,2.054013,2.228827
4000,4,0.183215,2.075249,2.258464
4000,4,0.188963,1.993046,2.182009
4000,4,0.176055,2.093118,2.269173
4000,4,0.181251,2.254305,2.435556
4000,4,0.189682,2.142182,2.331864
