size,processes,read,SCC,elapsed
4000,8,0.302556,4.614532,4.917088
4000,8,0.263449,4.486094,4.749543
4000,8,0.253221,4.711269,4.964490
4000,8,0.279401,4.649891,4.929292
4000,8,0.226308,4.491078,4.717386
4000,8,0.276930,4.802619,5.079549
4000,8,0.263256,4.626620,4.889876
4000,8,0.287023,4.535636,4.822659
4000,8,0.251324,4.679970,4.931294
4000,8,0.309416,4.634379,4.943795
