size,processes,read,SCC,elapsed
4000,8,0.269804,4.317774,4.587578
4000,8,0.262774,4.423786,4.686560
4000,8,0.226813,4.196951,4.423764
