size,processes,read,SCC,elapsed
4000,2,0.322803,1.717207,2.040010
4000,2,0.322037,1.704051,2.026088
4000,2,0.324109,1.720960,2.045069
