size,processes,read,SCC,elapsed
2000,8,0.123631,1.327655,1.451286
2000,8,0.134662,1.344777,1.479439
2000,8,0.129703,1.132305,1.262008
