size,processes,read,SCC,elapsed
2000,4,0.063735,0.714145,0.777880
2000,4,0.059854,0.757809,0.817663
2000,4,0.059360,0.726003,0.785363
2000,4,0.073605,1.098819,1.172424
2000,4,0.061030,0.740542,0.801572
2000,4,0.063664,0.762773,0.826437
2000,4,0.060627,0.769462,0.830089
2000,4,0.063846,0.823964,0.887810
2000,4,0.060955,0.749623,0.810578
2000,4,0.062074,0.744263,0.806337
