size,processes,read,SCC,elapsed
2000,0,0.491189,0.786272,1.277461
2000,0,0.493581,0.784128,1.277709
2000,0,0.496627,0.791823,1.288450
