size,processes,read,SCC,elapsed
2000,1,0.231136,0.791121,1.022257
2000,1,0.237013,0.791748,1.028761
2000,1,0.230148,0.785086,1.015234
