size,processes,read,SCC,elapsed
2000,2,0.114170,0.836525,0.950695
2000,2,0.113915,0.834856,0.948771
2000,2,0.115422,0.851526,0.966948
