size,processes,read,SCC,elapsed
2000,4,0.059214,0.716892,0.776106
2000,4,0.059242,0.695855,0.755097
2000,4,0.060144,0.699846,0.759990
