size,processes,read,SCC,elapsed
400,8,0.056770,0.023187,0.079957
400,8,0.166565,0.135574,0.302139
400,8,0.040287,0.033868,0.074155
