size,processes,read,SCC,elapsed
400,4,0.002812,0.023017,0.025829
400,4,0.003979,0.021796,0.025775
400,4,0.002885,0.022356,0.025241
