size,processes,read,SCC,elapsed
400,0,0.020083,0.023616,0.043699
400,0,0.020656,0.021860,0.042516
400,0,0.026299,0.021512,0.047811
