size,processes,read,SCC,elapsed
400,0,0.026858,0.021253,0.048111
400,0,0.020554,0.022104,0.042658
400,0,0.020550,0.022761,0.043311
400,0,0.019991,0.020652,0.040643
400,0,0.020433,0.021537,0.041970
400,0,0.020510,0.022899,0.043409
400,0,0.020465,0.023815,0.044280
400,0,0.020869,0.021912,0.042781
400,0,0.020036,0.022777,0.042813
400,0,0.020378,0.022555,0.042933
