size,processes,read,SCC,elapsed
400,2,0.005781,0.048516,0.054297
400,2,0.005338,0.026776,0.032114
400,2,0.005481,0.027208,0.032689
