size,processes,read,SCC,elapsed
400,2,0.005325,0.027162,0.032487
400,2,0.005365,0.027508,0.032873
400,2,0.005346,0.026131,0.031477
400,2,0.005718,0.026805,0.032523
400,2,0.005843,0.027407,0.033250
400,2,0.005491,0.026874,0.032365
400,2,0.005294,0.026319,0.031613
400,2,0.005504,0.026457,0.031961
400,2,0.005317,0.026905,0.032222
400,2,0.005331,0.026065,0.031396
