size,processes,read,SCC,elapsed
400,1,0.010357,0.022475,0.032832
400,1,0.010705,0.022739,0.033444
400,1,0.010496,0.021248,0.031744
