size,processes,read,SCC,elapsed
2800,4,0.083561,0.993129,1.076690
2800,4,0.083892,1.188476,1.272368
2800,4,0.088462,0.986450,1.074912
