size,processes,read,SCC,elapsed
2800,0,0.808908,0.534677,1.343585
2800,0,0.809295,0.526498,1.335793
2800,0,0.809856,0.527785,1.337641
