size,processes,read,SCC,elapsed
2800,8,0.158747,3.073388,3.232135
2800,8,0.343479,3.923766,4.267245
2800,8,0.121990,2.078083,2.200073
