size,processes,read,SCC,elapsed
2800,2,0.160158,0.855827,1.015985
2800,2,0.158565,0.883004,1.041569
2800,2,0.161618,0.907643,1.069261
