size,processes,read,SCC,elapsed
2800,4,0.094613,1.043063,1.137676
2800,4,0.090053,1.006493,1.096546
2800,4,0.089153,1.025601,1.114754
2800,4,0.086261,0.990853,1.077114
2800,4,0.090777,1.021720,1.112497
2800,4,0.094858,0.963502,1.058360
2800,4,0.085879,1.008297,1.094176
2800,4,0.088316,0.779716,0.868032
2800,4,0.184618,0.997813,1.182431
2800,4,0.094679,0.976918,1.071597
