size,processes,read,SCC,elapsed
2800,0,0.810389,0.523257,1.333646
2800,0,0.806805,0.526132,1.332937
2800,0,0.810114,0.529578,1.339692
2800,0,0.809739,0.531498,1.341237
2800,0,0.807052,0.528661,1.335713
2800,0,0.816203,0.519347,1.335550
2800,0,0.813542,0.527513,1.341055
2800,0,0.807326,0.527303,1.334629
2800,0,0.809039,0.526568,1.335607
2800,0,0.810381,0.523721,1.334102
