size,processes,read,SCC,elapsed
2800,1,0.316666,0.528325,0.844991
2800,1,0.318434,0.527846,0.846280
2800,1,0.319384,0.529300,0.848684
2800,1,0.318379,0.520879,0.839258
2800,1,0.318642,0.522865,0.841507
2800,1,0.319870,0.519943,0.839813
2800,1,0.319630,0.534145,0.853775
2800,1,0.317669,0.532622,0.850291
2800,1,0.320871,0.532143,0.853014
2800,1,0.319812,0.538613,0.858425
