size,processes,read,SCC,elapsed
2800,1,0.320816,0.541243,0.862059
2800,1,0.316528,0.535016,0.851544
2800,1,0.319859,0.541854,0.861713
