size,processes,read,SCC,elapsed
2400,8,0.119309,1.153105,1.272414
2400,8,0.092816,1.037862,1.130678
2400,8,0.097143,1.092607,1.189750
