size,processes,read,SCC,elapsed
2400,0,0.494399,0.203386,0.697785
2400,0,0.495667,0.198414,0.694081
2400,0,0.496235,0.199140,0.695375
