size,processes,read,SCC,elapsed
2400,1,0.139274,0.200246,0.339520
2400,1,0.138921,0.199393,0.338314
2400,1,0.139199,0.200485,0.339684
