size,processes,read,SCC,elapsed
2400,4,0.039815,0.500574,0.540389
2400,4,0.036629,0.520093,0.556722
2400,4,0.037865,0.505318,0.543183
2400,4,0.037564,0.497689,0.535253
2400,4,0.037567,0.517405,0.554972
2400,4,0.038201,0.503669,0.541870
2400,4,0.045292,0.516585,0.561877
2400,4,0.037502,0.491429,0.528931
2400,4,0.038180,0.514887,0.553067
2400,4,0.037243,0.494269,0.531512
