size,processes,read,SCC,elapsed
2400,2,0.069791,0.374435,0.444226
2400,2,0.069841,0.398493,0.468334
2400,2,0.069645,0.375971,0.445616
