size,processes,read,SCC,elapsed
2400,2,0.069554,0.395147,0.464701
2400,2,0.070478,0.385639,0.456117
2400,2,0.070095,0.388668,0.458763
2400,2,0.071362,0.350174,0.421536
2400,2,0.069702,0.383869,0.453571
2400,2,0.069847,0.380813,0.450660
2400,2,0.069396,0.373150,0.442546
2400,2,0.069935,0.378047,0.447982
2400,2,0.073108,0.403675,0.476783
2400,2,0.070260,0.392485,0.462745
