size,processes,read,SCC,elapsed
2400,4,0.037510,0.512304,0.549814
2400,4,0.038203,0.516756,0.554959
2400,4,0.036304,0.533661,0.569965
