size,processes,read,SCC,elapsed
2400,1,0.138996,0.198171,0.337167
2400,1,0.139537,0.201459,0.340996
2400,1,0.139275,0.200877,0.340152
2400,1,0.141271,0.198913,0.340184
2400,1,0.140228,0.197801,0.338029
2400,1,0.139114,0.193841,0.332955
2400,1,0.139995,0.196702,0.336697
2400,1,0.139789,0.201057,0.340846
2400,1,0.138955,0.199379,0.338334
2400,1,0.140134,0.198106,0.338240
