size,processes,read,SCC,elapsed
2000,4,0.043840,0.670447,0.714287
2000,4,0.043418,0.657780,0.701198
2000,4,0.048124,0.663046,0.711170
2000,4,0.043656,0.637207,0.680863
2000,4,0.044947,0.655969,0.700916
2000,4,0.044556,0.649878,0.694434
2000,4,0.043566,0.666859,0.710425
2000,4,0.043845,0.654908,0.698753
2000,4,0.042631,0.645843,0.688474
2000,4,0.042466,0.664139,0.706605
