size,processes,read,SCC,elapsed
2000,2,0.080321,0.587622,0.667943
2000,2,0.080830,0.600569,0.681399
2000,2,0.082812,0.581673,0.664485
