size,processes,read,SCC,elapsed
2000,0,0.414430,0.408694,0.823124
2000,0,0.411527,0.412476,0.824003
2000,0,0.414803,0.412914,0.827717
2000,0,0.414021,0.414354,0.828375
2000,0,0.413634,0.414427,0.828061
2000,0,0.412728,0.412581,0.825309
2000,0,0.412270,0.414578,0.826848
2000,0,0.411853,0.411509,0.823362
2000,0,0.416098,0.413488,0.829586
2000,0,0.413059,0.410496,0.823555
