size,processes,read,SCC,elapsed
2000,0,0.412671,0.416685,0.829356
2000,0,0.412143,0.416176,0.828319
2000,0,0.412300,0.412686,0.824986
