size,processes,read,SCC,elapsed
2000,8,0.133598,1.533182,1.666780
2000,8,0.069945,1.757401,1.827346
2000,8,0.121436,1.600582,1.722018
2000,8,0.098898,1.387632,1.486530
2000,8,0.137638,1.562387,1.700025
2000,8,0.077783,1.535480,1.613263
2000,8,0.111671,1.495634,1.607305
2000,8,0.073060,1.491890,1.564950
2000,8,0.123202,1.475565,1.598767
2000,8,0.096574,1.421342,1.517916
