size,processes,read,SCC,elapsed
2000,1,0.162294,0.425478,0.587772
2000,1,0.163462,0.433250,0.596712
2000,1,0.161959,0.418615,0.580574
