size,processes,read,SCC,elapsed
2000,8,0.085312,1.420452,1.505764
2000,8,0.105202,1.552629,1.657831
2000,8,0.097053,1.443562,1.540615
