size,processes,read,SCC,elapsed
2000,4,0.043803,0.809330,0.853133
2000,4,0.043664,0.717687,0.761351
2000,4,0.051775,0.846063,0.897838
