size,processes,read,SCC,elapsed
4000,0,1.374143,0.541138,1.915281
4000,0,1.374159,0.556128,1.930287
4000,0,1.372305,0.546508,1.918813
