size,processes,read,SCC,elapsed
4000,4,0.102065,1.375809,1.477874
4000,4,0.105552,1.330576,1.436128
4000,4,0.103243,1.465919,1.569162
