size,processes,read,SCC,elapsed
4000,1,0.386131,0.541988,0.928119
4000,1,0.389586,0.541733,0.931319
4000,1,0.404423,0.538353,0.942776
4000,1,0.386525,0.537622,0.924147
4000,1,0.386372,0.542444,0.928816
4000,1,0.385114,0.579734,0.964848
4000,1,0.386371,0.532530,0.918901
4000,1,0.387330,0.540306,0.927636
4000,1,0.386946,0.534636,0.921582
4000,1,0.387540,0.530027,0.917567
