size,processes,read,SCC,elapsed
4000,4,0.106610,1.335756,1.442366
4000,4,0.105300,1.382436,1.487736
4000,4,0.106602,1.299331,1.405933
4000,4,0.127025,1.418568,1.545593
4000,4,0.101664,1.329593,1.431257
4000,4,0.105193,1.211640,1.316833
4000,4,0.107407,1.370030,1.477437
4000,4,0.121272,1.519191,1.640463
4000,4,0.105749,1.326554,1.432303
4000,4,0.106238,1.428412,1.534650
