size,processes,read,SCC,elapsed
4000,8,0.271004,4.570118,4.841122
4000,8,0.131283,3.233898,3.365181
4000,8,0.215127,3.468748,3.683875
