size,processes,read,SCC,elapsed
4000,2,0.192959,1.031317,1.224276
4000,2,0.204043,1.236724,1.440767
4000,2,0.195588,1.046687,1.242275
