size,processes,read,SCC,elapsed
4000,1,0.387339,0.552742,0.940081
4000,1,0.398838,0.552168,0.951006
4000,1,0.388560,0.542918,0.931478
