size,processes,read,SCC,elapsed
4000,8,0.188684,2.588221,2.776905
4000,8,0.195692,3.158237,3.353929
4000,8,0.156340,3.144688,3.301028
4000,8,0.177179,3.157918,3.335097
4000,8,0.173719,3.146533,3.320252
4000,8,0.170133,2.701725,2.871858
4000,8,0.180018,3.235529,3.415547
4000,8,0.144003,3.241718,3.385721
4000,8,0.148666,3.320120,3.468786
4000,8,0.165267,3.148619,3.313886
