size,processes,read,SCC,elapsed
2800,0,0.993180,1.072058,2.065238
2800,0,0.999415,1.075315,2.074730
2800,0,0.998393,1.079927,2.078320
