size,processes,read,SCC,elapsed
2800,8,0.207936,1.729890,1.937826
2800,8,0.232263,1.645538,1.877801
2800,8,0.220873,1.754418,1.975291
2800,8,0.212666,1.631499,1.844165
2800,8,0.300088,2.008500,2.308588
2800,8,0.356688,1.924839,2.281527
2800,8,0.228001,1.838116,2.066117
2800,8,0.259938,1.840045,2.099983
2800,8,0.206994,2.018567,2.225561
2800,8,0.406318,1.871418,2.277736
