size,processes,read,SCC,elapsed
2800,1,0.517774,1.086106,1.603880
2800,1,0.500871,1.063294,1.564165
2800,1,0.518312,1.106588,1.624900
2800,1,0.517998,1.101403,1.619401
2800,1,0.515933,1.094290,1.610223
2800,1,0.527877,1.077293,1.605170
2800,1,0.526857,1.115167,1.642024
2800,1,0.510617,1.168736,1.679353
2800,1,0.497908,1.078702,1.576610
2800,1,0.516853,1.140256,1.657109
