size,processes,read,SCC,elapsed
2800,1,0.502692,1.079919,1.582611
2800,1,0.499015,1.072458,1.571473
2800,1,0.502446,1.067531,1.569977
