size,processes,read,SCC,elapsed
2800,4,0.138234,1.102617,1.240851
2800,4,0.137004,1.224600,1.361604
2800,4,0.146292,1.469083,1.615375
2800,4,0.192373,1.329528,1.521901
2800,4,0.148869,1.525332,1.674201
2800,4,0.139446,1.460098,1.599544
2800,4,0.137172,1.339198,1.476370
2800,4,0.237252,1.445315,1.682567
2800,4,0.144950,1.303149,1.448099
2800,4,0.138688,1.156134,1.294822
