size,processes,read,SCC,elapsed
2800,2,0.250328,1.329242,1.579570
2800,2,0.253395,1.320224,1.573619
2800,2,0.249363,1.300259,1.549622
