size,processes,read,SCC,elapsed
2800,4,0.134868,1.151515,1.286383
2800,4,0.151206,1.144495,1.295701
2800,4,0.132771,1.098247,1.231018
