size,processes,read,SCC,elapsed
2800,8,0.327454,1.813952,2.141406
2800,8,0.206807,1.536450,1.743257
2800,8,0.278318,1.883184,2.161502
