, Version  , Processes , ReadFromFile ,   SCC    ,  Elapsed  , Speedup , Efficiency ,
,  Serial  ,     1     ,   56.94591   , 66.67774 , 122.95699 ,   1.0   ,    1.0     ,
, Parallel ,     1     ,   48.32631   , 50.82317 ,  99.14948 , 1.24012 ,  1.24012   ,
, Parallel ,     2     ,   68.32631   , 70.82317 , 138.14948 , 0.89003 ,  0.44501   ,
, Parallel ,     4     ,   48.50905   , 49.40864 ,  97.58435 , 1.26001 ,   0.315    ,
, Parallel ,     8     ,   48.50905   , 39.40864 ,  87.58435 , 1.40387 ,  0.17548   ,
, Parallel ,     16    ,   48.50905   , 39.40864 ,  77.58435 , 1.58482 ,  0.09905   ,