size,processes,read,SCC,elapsed
2000,0,58.659208,65.418753,123.077965
2000,0,55.232385,68.790520,123.022910
2000,0,56.946138,65.823952,122.770094