size,processes,read,SCC,elapsed
2000,2,68.297542,70.809340,138.106882
2000,2,68.340850,70.751030,138.091881
2000,2,68.340528,70.909151,138.249680