size,processes,read,SCC,elapsed
2000,8,48.668863,34.649767,82.318630
2000,8,48.516428,42.355212,90.871640
2000,8,48.341864,41.220927,89.562791