size,processes,read,SCC,elapsed
2000,1,48.297542,50.809340,99.106882
2000,1,48.340850,50.751030,99.091881
2000,1,48.340528,50.909151,99.249680