size,processes,read,SCC,elapsed
2000,16,48.668863,34.649767,72.318630
2000,16,48.516428,42.355212,80.871640
2000,16,48.341864,41.220927,79.562791