size,processes,read,SCC,elapsed
2000,4,48.668863,44.649767,92.318630
2000,4,48.516428,52.355212,100.871640
2000,4,48.341864,51.220927,99.562791