size,processes,read,SCC,elapsed
2000,4,16.754104,60.101265,76.855370
2000,4,18.782534,62.344538,81.127073
2000,4,21.036382,59.981668,81.018051
