size,processes,read,SCC,elapsed
2000,1,48.297542,111.809340,160.106882
2000,1,48.340850,111.751030,160.091881
2000,1,48.340528,111.909151,160.249680
