size,processes,read,SCC,elapsed
2000,0,118.659208,175.418753,294.077965
2000,0,115.232385,178.790520,294.022910
2000,0,116.946138,175.823952,292.770094
