size,processes,read,SCC,elapsed
2000,8,9.592152,95.795235,105.387388
2000,8,8.082812,96.233397,104.316210
2000,8,10.204776,93.836889,104.041666
