size,processes,read,SCC,elapsed
2000,2,24.984809,73.093429,98.078238
2000,2,24.903155,73.109151,98.012306
2000,2,24.930752,73.103551,98.034304
