size,processes,read,SCC,elapsed
2000,16,5.770551,82.623706,88.394258
2000,16,8.337389,76.353704,84.691093
2000,16,5.960791,77.018560,82.979352
