size,processes,read,SCC,elapsed
4000,0,2.286450,2.198332,4.484782
4000,0,2.167503,2.172183,4.339686
4000,0,2.059381,2.164958,4.224339
4000,0,2.030076,2.158484,4.188560
4000,0,2.027367,2.161659,4.189026
4000,0,2.033991,2.163169,4.197160
4000,0,2.023963,2.160916,4.184879
4000,0,2.017910,2.156065,4.173975
4000,0,2.032320,2.140828,4.173148
4000,0,2.034782,2.151335,4.186117
