size,processes,read,SCC,elapsed
4000,1,1.013531,2.184539,3.198070
4000,1,1.031320,2.196152,3.227472
4000,1,1.033956,2.167690,3.201646
4000,1,1.061523,2.173249,3.234772
4000,1,1.022753,2.157159,3.179912
4000,1,1.016311,2.174130,3.190441
4000,1,1.017251,2.186825,3.204076
4000,1,1.047901,2.187583,3.235484
4000,1,1.073298,2.184325,3.257623
4000,1,1.020578,2.158215,3.178793
