size,processes,read,SCC,elapsed
4000,4,0.291022,2.713704,3.004726
4000,4,0.277100,2.573402,2.850502
4000,4,0.443221,3.236188,3.679409
