size,processes,read,SCC,elapsed
4000,4,0.368879,2.289520,2.658399
4000,4,0.268154,2.337092,2.605246
4000,4,0.273581,2.318643,2.592224
4000,4,0.274078,2.289893,2.563971
4000,4,0.287633,2.834385,3.122018
4000,4,0.274235,2.416239,2.690474
4000,4,0.274925,2.353372,2.628297
4000,4,0.276926,2.438409,2.715335
4000,4,0.275556,2.309095,2.584651
4000,4,0.281999,2.327525,2.609524
