size,processes,read,SCC,elapsed
4000,1,1.020331,2.178124,3.198455
4000,1,1.014110,2.194182,3.208292
4000,1,1.017737,2.164914,3.182651
