size,processes,read,SCC,elapsed
4000,0,2.023647,2.153662,4.177309
4000,0,2.022955,2.179393,4.202348
4000,0,2.025077,2.157229,4.182306
