size,processes,read,SCC,elapsed
4000,2,0.506421,2.626995,3.133416
4000,2,0.504970,2.636110,3.141080
4000,2,0.507975,2.644395,3.152370
