size,processes,read,SCC,elapsed
4000,8,0.333565,3.587501,3.921066
4000,8,0.399653,4.074008,4.473661
4000,8,0.349211,3.682817,4.032028
4000,8,0.333367,3.517979,3.851346
4000,8,0.386037,3.458085,3.844122
4000,8,0.387373,3.495147,3.882520
4000,8,0.401741,3.561224,3.962965
4000,8,0.344118,3.689727,4.033845
4000,8,0.347248,4.068412,4.415660
4000,8,0.349267,4.206611,4.555878
