size,processes,read,SCC,elapsed
4000,8,0.466328,4.330149,4.796477
4000,8,0.327390,3.411337,3.738727
4000,8,0.394342,4.863059,5.257401
