size,processes,read,SCC,elapsed
400,0,0.014054,0.005240,0.019294
400,0,0.014106,0.005352,0.019458
400,0,0.014075,0.005403,0.019478
400,0,0.013948,0.005332,0.019280
400,0,0.013659,0.005494,0.019153
400,0,0.014044,0.005355,0.019399
400,0,0.014051,0.005299,0.019350
400,0,0.014173,0.005513,0.019686
400,0,0.013743,0.005273,0.019016
400,0,0.014069,0.005228,0.019297
