size,processes,read,SCC,elapsed
400,0,0.013606,0.005657,0.019263
400,0,0.013852,0.005610,0.019462
400,0,0.013869,0.005484,0.019353
