size,processes,read,SCC,elapsed
400,1,0.004113,0.005282,0.009395
400,1,0.004047,0.005724,0.009771
400,1,0.004256,0.005553,0.009809
