size,processes,read,SCC,elapsed
400,8,0.044201,0.022366,0.066567
400,8,0.042360,0.034645,0.077005
400,8,0.084588,0.079663,0.164251
