size,processes,read,SCC,elapsed
400,4,0.001271,0.015296,0.016567
400,4,0.001350,0.020522,0.021872
400,4,0.001353,0.016242,0.017595
