size,processes,read,SCC,elapsed
400,2,0.002173,0.012981,0.015154
400,2,0.002292,0.018028,0.020320
400,2,0.002160,0.017740,0.019900
