size,processes,read,SCC,elapsed
400,4,0.001313,0.015444,0.016757
400,4,0.001390,0.017633,0.019023
400,4,0.001329,0.016595,0.017924
400,4,0.001348,0.015451,0.016799
400,4,0.001775,0.015802,0.017577
400,4,0.001396,0.016566,0.017962
400,4,0.001410,0.016173,0.017583
400,4,0.001399,0.017787,0.019186
400,4,0.001299,0.015150,0.016449
400,4,0.001296,0.020243,0.021539
