size,processes,read,SCC,elapsed
2800,8,0.111272,2.013442,2.124714
2800,8,0.109605,2.067663,2.177268
2800,8,0.111663,2.112530,2.224193
