size,processes,read,SCC,elapsed
2800,2,0.094696,0.665411,0.760107
2800,2,0.094939,0.647081,0.742020
2800,2,0.095762,0.726160,0.821922
2800,2,0.094193,0.659037,0.753230
2800,2,0.094404,0.665460,0.759864
2800,2,0.094336,0.667607,0.761943
2800,2,0.096774,0.656831,0.753605
2800,2,0.094513,0.667082,0.761595
2800,2,0.097047,0.663286,0.760333
2800,2,0.094766,0.664261,0.759027
