size,processes,read,SCC,elapsed
2800,8,0.150936,2.002943,2.153879
2800,8,0.095632,2.018637,2.114269
2800,8,0.100900,2.108084,2.208984
2800,8,0.113412,2.069432,2.182844
2800,8,0.098349,2.058397,2.156746
2800,8,0.126622,2.041117,2.167739
2800,8,0.098946,2.020148,2.119094
2800,8,0.114824,2.034655,2.149479
2800,8,0.090194,1.853342,1.943536
2800,8,0.087535,1.978231,2.065766
