size,processes,read,SCC,elapsed
2800,1,0.191089,0.421137,0.612226
2800,1,0.189048,0.415998,0.605046
2800,1,0.188978,0.416735,0.605713
