size,processes,read,SCC,elapsed
2800,0,0.675752,0.416648,1.092400
2800,0,0.671123,0.414643,1.085766
2800,0,0.672949,0.413760,1.086709
