size,processes,read,SCC,elapsed
2800,4,0.049699,0.816172,0.865871
2800,4,0.049336,0.859497,0.908833
2800,4,0.051464,0.835206,0.886670
