size,processes,read,SCC,elapsed
2800,2,0.098649,0.703909,0.802558
2800,2,0.095543,0.656658,0.752201
2800,2,0.094936,0.677646,0.772582
