size,processes,read,SCC,elapsed
1200,2,0.046129,0.242595,0.288724
1200,2,0.046185,0.238275,0.284460
1200,2,0.046127,0.249634,0.295761
1200,2,0.046280,0.244658,0.290938
1200,2,0.045902,0.245414,0.291316
1200,2,0.048087,0.247612,0.295699
1200,2,0.046232,0.245926,0.292158
1200,2,0.046436,0.249908,0.296344
1200,2,0.046105,0.244233,0.290338
1200,2,0.047162,0.249319,0.296481
