size,processes,read,SCC,elapsed
1200,2,0.047008,0.247929,0.294937
1200,2,0.055724,0.318202,0.373926
1200,2,0.049447,0.248292,0.297739
