size,processes,read,SCC,elapsed
1200,1,0.092226,0.209144,0.301370
1200,1,0.091993,0.202216,0.294209
1200,1,0.091631,0.202641,0.294272
