size,processes,read,SCC,elapsed
1200,8,0.066452,0.305832,0.372284
1200,8,0.055260,0.325816,0.381076
1200,8,0.103788,0.296088,0.399876
