size,processes,read,SCC,elapsed
1200,1,0.092531,0.204367,0.296898
1200,1,0.093412,0.202966,0.296378
1200,1,0.092269,0.202256,0.294525
1200,1,0.091830,0.203429,0.295259
1200,1,0.092604,0.200695,0.293299
1200,1,0.091124,0.201895,0.293019
1200,1,0.091010,0.197591,0.288601
1200,1,0.091472,0.201270,0.292742
1200,1,0.091162,0.198854,0.290016
1200,1,0.091036,0.200072,0.291108
