size,processes,read,SCC,elapsed
1200,0,0.184032,0.197274,0.381306
1200,0,0.183909,0.197344,0.381253
1200,0,0.184537,0.198400,0.382937
1200,0,0.181853,0.195451,0.377304
1200,0,0.187082,0.202040,0.389122
1200,0,0.183047,0.198247,0.381294
1200,0,0.186362,0.198541,0.384903
1200,0,0.184415,0.198003,0.382418
1200,0,0.184788,0.204473,0.389261
1200,0,0.185604,0.203962,0.389566
