size,processes,read,SCC,elapsed
1200,0,0.182929,0.199817,0.382746
1200,0,0.182482,0.202538,0.385020
1200,0,0.183594,0.204201,0.387795
