size,processes,read,SCC,elapsed
1200,4,0.023925,0.201864,0.225789
1200,4,0.024104,0.211871,0.235975
1200,4,0.024064,0.215463,0.239527
