size,processes,read,SCC,elapsed
1200,4,0.025895,0.227917,0.253812
1200,4,0.026694,0.228658,0.255352
1200,4,0.026104,0.240523,0.266627
1200,4,0.026548,0.229489,0.256037
1200,4,0.023696,0.225949,0.249645
1200,4,0.025534,0.236708,0.262242
1200,4,0.025721,0.207089,0.232810
1200,4,0.025718,0.224961,0.250679
1200,4,0.034133,0.231180,0.265313
1200,4,0.027374,0.231906,0.259280
