size,processes,read,SCC,elapsed
800,1,0.016363,0.039358,0.055721
800,1,0.015485,0.033188,0.048673
800,1,0.015853,0.033857,0.049710
