size,processes,read,SCC,elapsed
800,2,0.008301,0.059430,0.067731
800,2,0.007931,0.070320,0.078251
800,2,0.007916,0.062109,0.070025
