size,processes,read,SCC,elapsed
800,8,0.089583,0.172844,0.262427
800,8,0.043174,0.198122,0.241296
800,8,0.025619,0.199856,0.225475
