size,processes,read,SCC,elapsed
800,4,0.004213,0.069857,0.074070
800,4,0.004123,0.070204,0.074327
800,4,0.004211,0.070051,0.074262
