size,processes,read,SCC,elapsed
800,0,0.056831,0.035210,0.092041
800,0,0.054896,0.034436,0.089332
800,0,0.055057,0.033428,0.088485
