size,processes,read,SCC,elapsed
800,0,0.054954,0.033376,0.088330
800,0,0.055217,0.033658,0.088875
800,0,0.055601,0.031609,0.087210
800,0,0.055023,0.033631,0.088654
800,0,0.056037,0.034631,0.090668
800,0,0.055950,0.033206,0.089156
800,0,0.054932,0.033209,0.088141
800,0,0.055429,0.033880,0.089309
800,0,0.055240,0.032458,0.087698
800,0,0.054972,0.032804,0.087776
