size,processes,read,SCC,elapsed
2800,4,0.050505,0.692771,0.743276
2800,4,0.051739,0.692318,0.744057
2800,4,0.049833,0.697382,0.747215
