size,processes,read,SCC,elapsed
2800,0,0.676755,0.267434,0.944189
2800,0,0.676489,0.268663,0.945152
2800,0,0.676116,0.271801,0.947917
2800,0,0.678516,0.272322,0.950838
2800,0,0.675889,0.269329,0.945218
2800,0,0.675171,0.266832,0.942003
2800,0,0.678021,0.269409,0.947430
2800,0,0.679928,0.266851,0.946779
2800,0,0.675438,0.266324,0.941762
2800,0,0.680819,0.274557,0.955376
