size,processes,read,SCC,elapsed
2800,0,0.673986,0.273811,0.947797
2800,0,0.670471,0.270235,0.940706
2800,0,0.673527,0.266909,0.940436
