size,processes,read,SCC,elapsed
2800,2,0.099550,0.591259,0.690809
2800,2,0.094742,0.516550,0.611292
2800,2,0.095015,0.526327,0.621342
