size,processes,read,SCC,elapsed
2800,1,0.197734,0.280299,0.478033
2800,1,0.190119,0.267443,0.457562
2800,1,0.192874,0.270154,0.463028
