size,processes,read,SCC,elapsed
2800,8,0.163437,1.546117,1.709554
2800,8,0.117132,1.485935,1.603067
2800,8,0.134868,1.621240,1.756108
