size,processes,read,SCC,elapsed
2800,1,0.189760,0.276263,0.466023
2800,1,0.190474,0.272047,0.462521
2800,1,0.190672,0.268700,0.459372
2800,1,0.189577,0.267957,0.457534
2800,1,0.189789,0.264814,0.454603
2800,1,0.195248,0.266289,0.461537
2800,1,0.188160,0.270411,0.458571
2800,1,0.189677,0.268422,0.458099
2800,1,0.189820,0.266907,0.456727
2800,1,0.189761,0.272323,0.462084
