size,processes,read,SCC,elapsed
1200,8,0.109386,0.405898,0.515284
1200,8,0.120886,0.588879,0.709765
1200,8,0.061333,0.551041,0.612374
1200,8,0.048049,0.463864,0.511913
1200,8,0.036808,0.458441,0.495249
1200,8,0.104605,0.418689,0.523294
1200,8,0.098879,0.527486,0.626365
1200,8,0.087737,0.402323,0.490060
1200,8,0.093347,0.379993,0.473340
1200,8,0.063798,0.394583,0.458381
