size,processes,read,SCC,elapsed
1200,1,0.058608,0.100594,0.159202
1200,1,0.058245,0.101813,0.160058
1200,1,0.057580,0.100022,0.157602
