size,processes,read,SCC,elapsed
1200,2,0.028728,0.164393,0.193121
1200,2,0.029168,0.158247,0.187415
1200,2,0.029168,0.155638,0.184806
1200,2,0.028922,0.164928,0.193850
1200,2,0.028893,0.160096,0.188989
1200,2,0.029021,0.158633,0.187654
1200,2,0.029068,0.155206,0.184274
1200,2,0.029267,0.168353,0.197620
1200,2,0.029162,0.168399,0.197561
1200,2,0.029020,0.170158,0.199178
