size,processes,read,SCC,elapsed
1200,4,0.016930,0.188937,0.205867
1200,4,0.015299,0.192485,0.207784
1200,4,0.015106,0.220251,0.235357
