size,processes,read,SCC,elapsed
1200,2,0.029603,0.181208,0.210811
1200,2,0.029136,0.165749,0.194885
1200,2,0.031594,0.162228,0.193822
