size,processes,read,SCC,elapsed
1200,8,0.106878,0.404010,0.510888
1200,8,0.211230,0.488877,0.700107
1200,8,0.048319,0.406247,0.454566
