size,processes,read,SCC,elapsed
1200,1,0.057814,0.100163,0.157977
1200,1,0.057784,0.100618,0.158402
1200,1,0.058300,0.098611,0.156911
1200,1,0.057536,0.099500,0.157036
1200,1,0.058362,0.097426,0.155788
1200,1,0.058103,0.102682,0.160785
1200,1,0.057686,0.100319,0.158005
1200,1,0.057399,0.099004,0.156403
1200,1,0.057769,0.098873,0.156642
1200,1,0.057715,0.100509,0.158224
