size,processes,read,SCC,elapsed
1200,0,0.149058,0.099436,0.248494
1200,0,0.149744,0.101138,0.250882
1200,0,0.149413,0.099428,0.248841
