size,processes,read,SCC,elapsed
1200,0,0.148862,0.100567,0.249429
1200,0,0.150365,0.102322,0.252687
1200,0,0.148077,0.097207,0.245284
1200,0,0.148918,0.095819,0.244737
1200,0,0.149928,0.097532,0.247460
1200,0,0.150033,0.100945,0.250978
1200,0,0.149603,0.098849,0.248452
1200,0,0.149046,0.103157,0.252203
1200,0,0.148996,0.097777,0.246773
1200,0,0.147895,0.098612,0.246507
