size,processes,read,SCC,elapsed
800,4,0.006745,0.108646,0.115391
800,4,0.006896,0.079215,0.086111
800,4,0.007119,0.086898,0.094017
