size,processes,read,SCC,elapsed
800,0,0.066584,0.045155,0.111739
800,0,0.066053,0.043682,0.109735
800,0,0.066535,0.045048,0.111583
