size,processes,read,SCC,elapsed
800,1,0.026092,0.044983,0.071075
800,1,0.025832,0.046223,0.072055
800,1,0.026039,0.043119,0.069158
