size,processes,read,SCC,elapsed
800,8,0.079752,0.192872,0.272624
800,8,0.057046,0.187100,0.244146
800,8,0.070527,0.195167,0.265694
