size,processes,read,SCC,elapsed
800,1,0.027341,0.046803,0.074144
800,1,0.026422,0.042318,0.068740
800,1,0.026321,0.042596,0.068917
800,1,0.025952,0.045012,0.070964
800,1,0.025635,0.043742,0.069377
800,1,0.025721,0.041964,0.067685
800,1,0.025783,0.043713,0.069496
800,1,0.025840,0.044397,0.070237
800,1,0.026722,0.044472,0.071194
800,1,0.025697,0.046293,0.071990
