size,processes,read,SCC,elapsed
800,2,0.013096,0.075591,0.088687
800,2,0.014178,0.074521,0.088699
800,2,0.013259,0.079262,0.092521
