size,processes,read,SCC,elapsed
2400,8,20.801167,169.044824,189.845991
2400,8,20.158935,169.313965,189.472901
2400,8,27.753829,168.647431,196.401261
