size,processes,read,SCC,elapsed
2400,16,9.462144,152.458239,161.920384
2400,16,9.226923,133.329897,142.556821
2400,16,9.570196,141.226801,2.796997
