size,processes,read,SCC,elapsed
2400,1,83.402916,193.987078,277.389995
2400,1,83.067664,194.175352,277.243016
2400,1,83.183332,194.095107,277.278440
