size,processes,read,SCC,elapsed
2400,2,42.784360,126.621522,169.405883
2400,2,42.706956,126.855179,169.562136
2400,2,42.750151,127.902741,170.652892
