size,processes,read,SCC,elapsed
2400,4,32.698342,111.309722,144.008065
2400,4,35.183128,110.905320,146.088449
2400,4,34.055957,109.134526,143.190483
