size,processes,read,SCC,elapsed
2400,0,199.251486,303.949159,503.200648
2400,0,199.237305,307.336403,506.573712
2400,0,198.782804,304.782956,503.565763
