, Version  , Processes , ReadFromFile ,   SCC    , Elapsed  , Speedup , Efficiency ,
,  Serial  ,     1     ,   7.51263    , 9.36094  , 16.87357 ,   1.0   ,    1.0     ,
, Parallel ,     1     ,   6.56286    , 11.83893 , 18.40179 , 0.91695 ,  0.91695   ,
, Parallel ,     2     ,    6.8638    , 17.78399 , 24.64778 , 0.68459 ,  0.34229   ,
, Parallel ,     4     ,   6.86336    , 28.46957 , 35.33293 , 0.47756 ,  0.11939   ,
, Parallel ,     8     ,   3.63287    , 23.06275 , 26.69561 , 0.63207 ,  0.07901   ,
, Parallel ,     16    ,   2.11598    , 16.73538 , 18.85136 , 0.89509 ,  0.05594   ,