size,processes,read,SCC,elapsed
1200,2,6.554427,16.422605,22.977032
1200,2,6.782270,17.194885,23.977155
1200,2,7.254689,19.734467,26.989156
