size,processes,read,SCC,elapsed
1200,0,7.618971,9.370657,16.989628
1200,0,7.341978,9.343855,16.685833
1200,0,7.576938,9.368309,16.945247
