size,processes,read,SCC,elapsed
1200,8,2.706614,21.768533,24.475147
1200,8,3.936433,24.094931,28.031364
1200,8,4.255553,23.324774,27.580327
