size,processes,read,SCC,elapsed
1200,16,2.258926,18.891041,21.149967
1200,16,1.993465,16.784081,18.777546
1200,16,2.095536,14.531028,16.626564
