size,processes,read,SCC,elapsed
1200,1,6.518288,11.391782,17.910070
1200,1,6.044640,10.518043,16.562682
1200,1,7.125648,13.606966,20.732614
