size,processes,read,SCC,elapsed
1200,4,7.268176,27.916057,35.184233
1200,4,6.684864,29.263787,35.948651
1200,4,6.637037,28.228872,34.865910
