size,processes,read,SCC,elapsed
800,0,0.066201,0.067253,0.133454
800,0,0.065428,0.067025,0.132453
800,0,0.066699,0.065821,0.132520
