size,processes,read,SCC,elapsed
800,8,0.092831,0.238899,0.331730
800,8,0.026753,0.254619,0.281372
800,8,0.043863,0.256188,0.300051
800,8,0.085357,0.207739,0.293096
800,8,0.060533,0.245917,0.306450
800,8,0.046273,0.242320,0.288593
800,8,0.039168,0.275400,0.314568
800,8,0.050657,0.260649,0.311306
800,8,0.064040,0.264749,0.328789
800,8,0.055880,0.242320,0.298200
