size,processes,read,SCC,elapsed
800,4,0.007543,0.154509,0.162052
800,4,0.007012,0.104160,0.111172
800,4,0.007013,0.116851,0.123864
