size,processes,read,SCC,elapsed
800,8,0.061834,0.212944,0.274778
800,8,0.089512,0.203273,0.292785
800,8,0.081693,0.244319,0.326012
