size,processes,read,SCC,elapsed
800,2,0.013078,0.097278,0.110356
800,2,0.013591,0.095004,0.108595
800,2,0.013206,0.103099,0.116305
