size,processes,read,SCC,elapsed
800,1,0.025987,0.070418,0.096405
800,1,0.026265,0.070111,0.096376
800,1,0.025999,0.067495,0.093494
