size,processes,read,SCC,elapsed
2000,4,0.062441,0.569912,0.632353
2000,4,0.071753,0.578209,0.649962
2000,4,0.075797,0.762033,0.837830
