size,processes,read,SCC,elapsed
2000,1,0.234531,0.513680,0.748211
2000,1,0.238219,0.511331,0.749550
2000,1,0.236182,0.514679,0.750861
2000,1,0.236321,0.512663,0.748984
2000,1,0.236334,0.505512,0.741846
2000,1,0.235075,0.515995,0.751070
2000,1,0.235493,0.512023,0.747516
2000,1,0.235971,0.510843,0.746814
2000,1,0.234736,0.510793,0.745529
2000,1,0.236416,0.585973,0.822389
