size,processes,read,SCC,elapsed
2000,2,0.117700,0.611545,0.729245
2000,2,0.118087,0.623440,0.741527
2000,2,0.117041,0.615764,0.732805
2000,2,0.117175,0.615370,0.732545
2000,2,0.116869,0.614901,0.731770
2000,2,0.118137,0.616847,0.734984
2000,2,0.118369,0.617536,0.735905
2000,2,0.117525,0.618876,0.736401
2000,2,0.117455,0.616818,0.734273
2000,2,0.117532,0.616821,0.734353
