size,processes,read,SCC,elapsed
2000,0,0.497019,0.511816,1.008835
2000,0,0.500851,0.507726,1.008577
2000,0,0.493913,0.508968,1.002881
