size,processes,read,SCC,elapsed
2000,2,0.118618,0.618137,0.736755
2000,2,0.118119,0.614216,0.732335
2000,2,0.118016,0.619824,0.737840
