size,processes,read,SCC,elapsed
2000,8,0.144345,0.787539,0.931884
2000,8,0.113620,0.784377,0.897997
2000,8,0.144054,0.798624,0.942678
