size,processes,read,SCC,elapsed
2000,1,0.236527,0.533821,0.770348
2000,1,0.237318,0.513809,0.751127
2000,1,0.236994,0.504795,0.741789
