size,processes,read,SCC,elapsed
2000,0,10.236898,10.894997,21.131895
2000,0,11.976707,10.909619,22.886326
2000,0,10.297504,12.558122,22.855626
