size,processes,read,SCC,elapsed
2000,16,2.452789,44.023814,46.476603
2000,16,2.834705,37.199759,40.034463
2000,16,3.511015,50.810822,54.321837
