size,processes,read,SCC,elapsed
2000,4,11.668863,44.649767,56.318630
2000,4,11.516428,52.355212,63.871640
2000,4,11.341864,51.220927,62.562791
