size,processes,read,SCC,elapsed
2000,2,12.466491,29.022960,41.489451
2000,2,11.767118,31.081038,42.848157
2000,2,10.727490,26.677395,37.404885
