size,processes,read,SCC,elapsed
2000,1,10.784067,17.407155,28.191222
2000,1,11.606396,21.091882,32.698277
2000,1,12.043667,17.205725,29.249392
