size,processes,read,SCC,elapsed
2000,8,6.400763,40.699126,47.099889
2000,8,5.754711,38.892069,44.646780
2000,8,5.634231,40.735274,46.369504
