size,processes,read,SCC,elapsed
1600,2,8.243523,19.554634,27.798157
1600,2,5.482855,15.363666,20.846521
1600,2,5.637305,13.847015,19.484320
