size,processes,read,SCC,elapsed
1600,8,4.544406,23.155674,27.700080
1600,8,3.644700,19.833188,23.477888
1600,8,3.109017,25.388573,28.497590
