size,processes,read,SCC,elapsed
1600,4,7.711672,26.260526,33.972198
1600,4,5.691748,28.113461,33.805209
1600,4,4.620200,25.518566,30.138765
