size,processes,read,SCC,elapsed
1600,1,5.231957,9.424927,14.656884
1600,1,6.933210,16.243636,23.176846
1600,1,5.858955,9.226688,15.085643
