size,processes,read,SCC,elapsed
1600,0,6.886105,5.674134,12.560239
1600,0,6.894092,5.668235,12.562327
1600,0,5.696813,5.650687,11.347500
