size,processes,read,SCC,elapsed
1600,16,1.896658,18.053780,19.950438
1600,16,1.883414,17.826030,19.709444
1600,16,1.472705,25.173026,26.645731
