size,processes,read,SCC,elapsed
1600,8,0.112628,0.755572,0.868200
1600,8,0.084895,0.750860,0.835755
1600,8,0.108831,0.768841,0.877672
