size,processes,read,SCC,elapsed
1600,1,0.104352,0.186025,0.290377
1600,1,0.103832,0.180358,0.284190
1600,1,0.102975,0.174961,0.277936
