size,processes,read,SCC,elapsed
1600,0,0.263273,0.172399,0.435672
1600,0,0.263889,0.178386,0.442275
1600,0,0.263200,0.181184,0.444384
