size,processes,read,SCC,elapsed
1600,2,0.051738,0.294511,0.346249
1600,2,0.052219,0.318347,0.370566
1600,2,0.051627,0.300811,0.352438
