size,processes,read,SCC,elapsed
1600,2,0.051394,0.291543,0.342937
1600,2,0.051757,0.301381,0.353138
1600,2,0.051912,0.294525,0.346437
1600,2,0.052140,0.293105,0.345245
1600,2,0.052009,0.268372,0.320381
1600,2,0.052073,0.299072,0.351145
1600,2,0.051678,0.299679,0.351357
1600,2,0.054523,0.308604,0.363127
1600,2,0.054274,0.288008,0.342282
1600,2,0.051875,0.302095,0.353970
