size,processes,read,SCC,elapsed
1600,4,0.030405,0.360575,0.390980
1600,4,0.027491,0.334039,0.361530
1600,4,0.026935,0.349785,0.376720
