size,processes,read,SCC,elapsed
1600,8,0.137042,0.725404,0.862446
1600,8,0.091943,0.602504,0.694447
1600,8,0.093331,0.519794,0.613125
1600,8,0.075426,0.602007,0.677433
1600,8,0.118420,0.735822,0.854242
1600,8,0.073749,0.564249,0.637998
1600,8,0.145674,0.549455,0.695129
1600,8,0.164116,0.554507,0.718623
1600,8,0.102712,0.551319,0.654031
1600,8,0.122999,0.534926,0.657925
