size,processes,read,SCC,elapsed
1600,1,0.163316,0.348922,0.512238
1600,1,0.162135,0.358254,0.520389
1600,1,0.163710,0.356677,0.520387
