size,processes,read,SCC,elapsed
1600,2,0.081011,0.430897,0.511908
1600,2,0.098362,0.448995,0.547357
1600,2,0.089854,0.593733,0.683587
