size,processes,read,SCC,elapsed
1600,1,0.171781,0.356046,0.527827
1600,1,0.170273,0.367967,0.538240
1600,1,0.167068,0.365025,0.532093
1600,1,0.163792,0.353032,0.516824
1600,1,0.168924,0.368908,0.537832
1600,1,0.162214,0.347865,0.510079
1600,1,0.166379,0.352383,0.518762
1600,1,0.163500,0.347379,0.510879
1600,1,0.164807,0.356948,0.521755
1600,1,0.163108,0.362451,0.525559
