size,processes,read,SCC,elapsed
1600,8,0.107579,0.535518,0.643097
1600,8,0.119743,0.620964,0.740707
1600,8,0.103690,0.535028,0.638718
