size,processes,read,SCC,elapsed
1600,0,0.326159,0.348800,0.674959
1600,0,0.325684,0.358416,0.684100
1600,0,0.329786,0.357362,0.687148
1600,0,0.353562,0.384024,0.737586
1600,0,0.326542,0.352010,0.678552
1600,0,0.325407,0.352092,0.677499
1600,0,0.326713,0.354087,0.680800
1600,0,0.326018,0.351029,0.677047
1600,0,0.325531,0.355085,0.680616
1600,0,0.369668,0.399391,0.769059
