size,processes,read,SCC,elapsed
1600,4,0.049276,0.494091,0.543367
1600,4,0.041897,0.363845,0.405742
1600,4,0.043211,0.363715,0.406926
