size,processes,read,SCC,elapsed
1600,0,0.323858,0.354321,0.678179
1600,0,0.325435,0.353453,0.678888
1600,0,0.324023,0.351868,0.675891
