size,processes,read,SCC,elapsed
2000,1,0.254096,0.555478,0.809574
2000,1,0.254279,0.561480,0.815759
2000,1,0.252592,0.545975,0.798567
