size,processes,read,SCC,elapsed
2000,8,0.223238,0.854769,1.078007
2000,8,0.107285,0.790233,0.897518
2000,8,0.139405,0.924109,1.063514
