size,processes,read,SCC,elapsed
2000,4,0.073593,0.633821,0.707414
2000,4,0.066707,0.572737,0.639444
2000,4,0.064633,0.576934,0.641567
