size,processes,read,SCC,elapsed
2000,0,0.505248,0.550166,1.055414
2000,0,0.510078,0.549050,1.059128
2000,0,0.509590,0.552056,1.061646
