size,processes,read,SCC,elapsed
2000,2,0.126679,0.671759,0.798438
2000,2,0.126453,0.669839,0.796292
2000,2,0.127157,0.671906,0.799063
