size,processes,read,SCC,elapsed
2400,0,0.596654,0.393240,0.989894
2400,0,0.595080,0.391812,0.986892
2400,0,0.591934,0.391742,0.983676
