size,processes,read,SCC,elapsed
2400,0,0.595743,0.389218,0.984961
2400,0,0.592289,0.382849,0.975138
2400,0,0.593947,0.393098,0.987045
2400,0,0.598644,0.391805,0.990449
2400,0,0.598424,0.385107,0.983531
2400,0,0.595031,0.393289,0.988320
2400,0,0.596694,0.390570,0.987264
2400,0,0.597698,0.392181,0.989879
2400,0,0.596756,0.391304,0.988060
2400,0,0.596715,0.391200,0.987915
