size,processes,read,SCC,elapsed
2400,8,0.154737,1.605593,1.760330
2400,8,0.160827,1.641637,1.802464
2400,8,0.127638,1.716318,1.843956
