size,processes,read,SCC,elapsed
2400,2,0.118161,0.662269,0.780430
2400,2,0.117730,0.660954,0.778684
2400,2,0.118242,0.638359,0.756601
