size,processes,read,SCC,elapsed
2400,1,0.234067,0.386588,0.620655
2400,1,0.234292,0.390530,0.624822
2400,1,0.234423,0.381571,0.615994
2400,1,0.234231,0.386102,0.620333
2400,1,0.234888,0.427724,0.662612
2400,1,0.234987,0.388534,0.623521
2400,1,0.234702,0.386698,0.621400
2400,1,0.233785,0.386842,0.620627
2400,1,0.234374,0.395202,0.629576
2400,1,0.233678,0.387639,0.621317
