size,processes,read,SCC,elapsed
2400,4,0.061591,0.739216,0.800807
2400,4,0.069947,0.871691,0.941638
2400,4,0.062372,0.741219,0.803591
2400,4,0.063927,0.890562,0.954489
2400,4,0.065196,0.590047,0.655243
2400,4,0.062750,0.743458,0.806208
2400,4,0.067206,0.731911,0.799117
2400,4,0.060594,0.736097,0.796691
2400,4,0.061998,0.721437,0.783435
2400,4,0.062193,0.766940,0.829133
