size,processes,read,SCC,elapsed
2400,4,0.062078,0.845506,0.907584
2400,4,0.059894,0.815024,0.874918
2400,4,0.063973,0.750548,0.814521
