size,processes,read,SCC,elapsed
2400,1,0.232267,0.396867,0.629134
2400,1,0.233126,0.400640,0.633766
2400,1,0.233069,0.394538,0.627607
