size,processes,read,SCC,elapsed
400,16,0.446960,0.646963,1.093923
400,16,0.680643,1.187917,1.868560
400,16,0.872821,0.684781,1.557602