size,processes,read,SCC,elapsed
400,0,0.229703,0.102937,0.332640
400,0,0.214100,0.102521,0.316621
400,0,0.224060,0.102711,0.326771