size,processes,read,SCC,elapsed
400,1,0.206097,0.071487,0.277583
400,1,0.153569,0.081413,0.234982
400,1,0.326562,0.055225,0.381786