size,processes,read,SCC,elapsed
400,8,0.454163,1.022948,1.477111
400,8,0.286694,0.852589,1.139284
400,8,0.537178,1.165864,1.703042