size,processes,read,SCC,elapsed
400,2,0.384824,0.439986,0.824809
400,2,0.439371,0.398803,0.838174
400,2,0.334615,0.359880,0.694496