size,processes,read,SCC,elapsed
400,4,0.259014,0.479442,0.738457
400,4,0.598143,0.505656,1.103799
400,4,0.278917,0.965923,1.244839