size,processes,read,SCC,elapsed
4000,2,0.324746,2.273512,2.598258
4000,2,0.323498,2.272016,2.595514
4000,2,0.322763,2.257445,2.580208
