size,processes,read,SCC,elapsed
4000,1,0.651085,1.719655,2.370740
4000,1,0.650049,1.714383,2.364432
4000,1,0.648962,1.718687,2.367649
