size,processes,read,SCC,elapsed
4000,0,1.640875,1.704299,3.345174
4000,0,1.645740,1.712005,3.357745
4000,0,1.672608,1.696773,3.369381
