size,processes,read,SCC,elapsed
4000,8,0.235476,6.017614,6.253090
4000,8,0.256888,5.591637,5.848525
4000,8,0.251224,5.600782,5.852006
