size,processes,read,SCC,elapsed
4000,2,0.324995,2.248164,2.573159
4000,2,0.324489,2.268720,2.593209
4000,2,0.325352,2.254717,2.580069
4000,2,0.327949,2.254939,2.582888
4000,2,0.323359,2.062914,2.386273
4000,2,0.323172,2.225625,2.548797
4000,2,0.376882,2.255555,2.632437
4000,2,0.324772,2.276710,2.601482
4000,2,0.324631,2.044404,2.369035
4000,2,0.323473,2.046567,2.370040
