size,processes,read,SCC,elapsed
4000,4,0.175866,2.641756,2.817622
4000,4,0.176986,2.758437,2.935423
4000,4,0.175257,2.776655,2.951912
