size,processes,read,SCC,elapsed
2400,2,0.182201,1.303215,1.485416
2400,2,0.182118,1.440424,1.622542
2400,2,0.183144,1.310401,1.493545
