size,processes,read,SCC,elapsed
2400,1,0.367627,1.209328,1.576955
2400,1,0.366660,1.214464,1.581124
2400,1,0.366271,1.211254,1.577525
