size,processes,read,SCC,elapsed
2400,0,0.724426,1.210174,1.934600
2400,0,0.727472,1.213427,1.940899
2400,0,0.730953,1.203200,1.934153
