size,processes,read,SCC,elapsed
2400,8,0.195412,1.948472,2.143884
2400,8,0.203542,1.954405,2.157947
2400,8,0.149601,1.917626,2.067227
