size,processes,read,SCC,elapsed
2400,8,0.151261,1.803813,1.955074
2400,8,0.199477,2.086226,2.285703
2400,8,0.229054,1.794623,2.023677
2400,8,0.169181,1.698603,1.867784
2400,8,0.146337,1.725151,1.871488
2400,8,0.162051,2.025879,2.187930
2400,8,0.252527,1.949351,2.201878
2400,8,0.189848,2.005497,2.195345
2400,8,0.256540,1.928049,2.184589
2400,8,0.163294,2.220207,2.383501
