size,processes,read,SCC,elapsed
2400,0,0.733650,1.197861,1.931511
2400,0,0.731109,1.213564,1.944673
2400,0,0.735486,1.207456,1.942942
2400,0,0.734564,1.214434,1.948998
2400,0,0.732616,1.202261,1.934877
2400,0,0.735195,1.208203,1.943398
2400,0,0.736378,1.207629,1.944007
2400,0,0.758364,1.217519,1.975883
2400,0,0.743341,1.210293,1.953634
2400,0,0.730231,1.215483,1.945714
