size,processes,read,SCC,elapsed
2400,4,0.103278,1.151882,1.255160
2400,4,0.097859,1.133847,1.231706
2400,4,0.125103,1.419580,1.544683
