size,processes,read,SCC,elapsed
3200,0,0.878030,0.346918,1.224948
3200,0,0.877667,0.352061,1.229728
3200,0,0.947447,0.358380,1.305827
