size,processes,read,SCC,elapsed
3200,4,0.070955,0.928397,0.999352
3200,4,0.067415,0.894311,0.961726
3200,4,0.069676,0.889061,0.958737
