size,processes,read,SCC,elapsed
3200,0,0.881874,0.341402,1.223276
3200,0,0.882263,0.349163,1.231426
3200,0,0.879859,0.352136,1.231995
3200,0,0.879410,0.345458,1.224868
3200,0,0.881097,0.346207,1.227304
3200,0,0.878795,0.348894,1.227689
3200,0,0.880629,0.345675,1.226304
3200,0,0.881663,0.350068,1.231731
3200,0,0.883577,0.348413,1.231990
3200,0,0.880926,0.346473,1.227399
