size,processes,read,SCC,elapsed
3200,8,0.140748,1.955582,2.096330
3200,8,0.177618,2.005792,2.183410
3200,8,0.172719,2.346228,2.518947
