size,processes,read,SCC,elapsed
3200,4,0.069457,0.967757,1.037214
3200,4,0.068765,0.752725,0.821490
3200,4,0.068632,0.856119,0.924751
3200,4,0.067116,0.884868,0.951984
3200,4,0.067817,0.854863,0.922680
3200,4,0.070455,0.854085,0.924540
3200,4,0.067871,0.796090,0.863961
3200,4,0.070627,0.872414,0.943041
3200,4,0.072426,0.955885,1.028311
3200,4,0.068797,0.868297,0.937094
