size,processes,read,SCC,elapsed
3200,1,0.256590,0.358073,0.614663
3200,1,0.248581,0.352800,0.601381
3200,1,0.247122,0.347749,0.594871
