size,processes,read,SCC,elapsed
3200,2,0.123776,0.622360,0.746136
3200,2,0.130830,0.692220,0.823050
3200,2,0.132512,0.662088,0.794600
