size,processes,read,SCC,elapsed
2400,2,0.183114,0.955273,1.138387
2400,2,0.183400,0.958675,1.142075
2400,2,0.182915,0.956555,1.139470
