size,processes,read,SCC,elapsed
2400,0,0.729823,0.783965,1.513788
2400,0,0.729532,0.786253,1.515785
2400,0,0.730827,0.781699,1.512526
