size,processes,read,SCC,elapsed
2400,0,0.730628,0.777470,1.508098
2400,0,0.737800,0.790039,1.527839
2400,0,0.737099,0.779167,1.516266
2400,0,0.738420,0.782268,1.520688
2400,0,0.736417,0.779143,1.515560
2400,0,0.738601,0.784236,1.522837
2400,0,0.735698,0.783043,1.518741
2400,0,0.731351,0.780503,1.511854
2400,0,0.734867,0.784953,1.519820
2400,0,0.745984,0.782456,1.528440
