size,processes,read,SCC,elapsed
2400,1,0.371084,0.788414,1.159498
2400,1,0.367494,0.796434,1.163928
2400,1,0.365940,0.788686,1.154626
