size,processes,read,SCC,elapsed
2400,4,0.096707,0.810744,0.907451
2400,4,0.097065,0.817719,0.914784
2400,4,0.108865,0.920386,1.029251
