size,processes,read,SCC,elapsed
2400,4,0.106467,0.915858,1.022325
2400,4,0.112840,1.092458,1.205298
2400,4,0.106104,0.853488,0.959592
2400,4,0.099308,0.888112,0.987420
2400,4,0.101500,0.826453,0.927953
2400,4,0.097639,1.003726,1.101365
2400,4,0.103777,0.987396,1.091173
2400,4,0.101753,0.909604,1.011357
2400,4,0.101352,0.957644,1.058996
2400,4,0.119103,0.900314,1.019417
