size,processes,read,SCC,elapsed
2400,2,0.184558,0.986637,1.171195
2400,2,0.189247,0.990326,1.179573
2400,2,0.183430,0.965336,1.148766
2400,2,0.188764,0.989045,1.177809
2400,2,0.193695,0.985227,1.178922
2400,2,0.184099,1.025337,1.209436
2400,2,0.188903,1.040247,1.229150
2400,2,0.184622,0.951369,1.135991
2400,2,0.204802,0.974070,1.178872
2400,2,0.184429,0.957858,1.142287
