size,processes,read,SCC,elapsed
2400,8,0.263888,1.428190,1.692078
2400,8,0.164531,1.319436,1.483967
2400,8,0.166034,1.263709,1.429743
