size,processes,read,SCC,elapsed
3600,4,0.517973,3.437652,3.955625
3600,4,0.287495,2.899802,3.187297
3600,4,0.264249,2.323340,2.587589
3600,4,0.282268,2.320630,2.602898
3600,4,0.329730,2.162453,2.492183
3600,4,0.333573,2.078405,2.411978
3600,4,0.250167,1.945674,2.195841
3600,4,0.223712,1.897581,2.121293
3600,4,0.230090,1.944795,2.174885
3600,4,0.264115,2.080118,2.344233
