size,processes,read,SCC,elapsed
3600,8,0.301048,2.958989,3.260037
3600,8,0.274493,2.664446,2.938939
3600,8,0.295072,2.588425,2.883497
