size,processes,read,SCC,elapsed
3600,0,1.737117,1.754695,3.491812
3600,0,1.656784,1.962687,3.619471
3600,0,1.641282,1.852093,3.493375
3600,0,1.773322,1.796789,3.570111
3600,0,1.693340,1.765803,3.459143
3600,0,1.744594,1.748971,3.493565
3600,0,1.656271,1.761482,3.417753
3600,0,2.042695,1.813263,3.855958
3600,0,1.789642,1.759133,3.548775
3600,0,1.636725,1.741830,3.378555
