size,processes,read,SCC,elapsed
3600,0,1.640614,1.789649,3.430263
3600,0,1.741827,1.790488,3.532315
3600,0,1.643070,1.763522,3.406592
