size,processes,read,SCC,elapsed
3600,4,0.244657,1.933347,2.178004
3600,4,0.217241,1.825998,2.043239
3600,4,0.216628,1.793922,2.010550
