size,processes,read,SCC,elapsed
3600,1,0.824594,1.778682,2.603276
3600,1,0.833213,1.778861,2.612074
3600,1,0.835302,1.777985,2.613287
