size,processes,read,SCC,elapsed
3600,2,0.422436,2.222470,2.644906
3600,2,0.411186,2.157186,2.568372
3600,2,0.476242,2.182241,2.658483
