size,processes,read,SCC,elapsed
3200,8,0.260307,3.079692,3.339999
3200,8,0.249581,3.089318,3.338899
3200,8,0.225177,3.090001,3.315178
