size,processes,read,SCC,elapsed
3200,8,0.331577,3.717403,4.048980
3200,8,0.258793,3.277146,3.535939
3200,8,0.343511,3.460686,3.804197
3200,8,0.269276,3.234276,3.503552
3200,8,0.265882,3.432120,3.698002
3200,8,0.299743,3.264400,3.564143
3200,8,0.279627,5.910646,6.190273
3200,8,0.337940,3.202141,3.540081
3200,8,0.398139,3.871222,4.269361
3200,8,0.303386,3.535206,3.838592
