size,processes,read,SCC,elapsed
3200,2,0.332925,2.324597,2.657522
3200,2,0.366436,2.311787,2.678223
3200,2,0.324324,2.350051,2.674375
