size,processes,read,SCC,elapsed
3200,4,0.174816,2.067869,2.242685
3200,4,0.203399,2.279590,2.482989
3200,4,0.180354,2.133609,2.313963
