size,processes,read,SCC,elapsed
3200,0,1.293565,2.180380,3.473945
3200,0,1.294930,2.165304,3.460234
3200,0,1.296612,2.183767,3.480379
