size,processes,read,SCC,elapsed
3200,1,0.654554,2.213980,2.868534
3200,1,0.652875,2.209748,2.862623
3200,1,0.649992,2.215957,2.865949
