size,processes,read,SCC,elapsed
3200,8,0.203023,3.879552,4.082575
3200,8,0.234057,3.985225,4.219282
3200,8,0.200234,3.712255,3.912489
3200,8,0.179694,2.740095,2.919789
3200,8,0.175695,3.732174,3.907869
3200,8,0.186527,3.705065,3.891592
3200,8,0.172301,3.801163,3.973464
3200,8,0.207345,3.621965,3.829310
3200,8,0.185631,3.822076,4.007707
3200,8,0.217559,3.704359,3.921918
