size,processes,read,SCC,elapsed
3200,0,1.051195,1.080435,2.131630
3200,0,1.056913,1.085415,2.142328
3200,0,1.058356,1.087458,2.145814
