size,processes,read,SCC,elapsed
3200,1,0.415536,1.089753,1.505289
3200,1,0.418043,1.096444,1.514487
3200,1,0.430280,1.115878,1.546158
3200,1,0.425453,1.100901,1.526354
3200,1,0.425367,1.098701,1.524068
3200,1,0.413869,1.089233,1.503102
3200,1,0.415390,1.092278,1.507668
3200,1,0.417455,1.094218,1.511673
3200,1,0.417901,1.090203,1.508104
3200,1,0.418177,1.097714,1.515891
