size,processes,read,SCC,elapsed
3200,8,0.153867,4.180215,4.334082
3200,8,0.165686,3.873802,4.039488
3200,8,0.163437,3.787203,3.950640
