size,processes,read,SCC,elapsed
3200,4,0.117872,1.849902,1.967774
3200,4,0.129609,1.961576,2.091185
3200,4,0.111633,1.824683,1.936316
