size,processes,read,SCC,elapsed
3200,1,0.418435,1.088780,1.507215
3200,1,0.542750,1.121069,1.663819
3200,1,0.469020,1.103325,1.572345
