size,processes,read,SCC,elapsed
3200,2,0.207492,1.469305,1.676797
3200,2,0.211336,1.357770,1.569106
3200,2,0.211535,1.490886,1.702421
