size,processes,read,SCC,elapsed
3200,4,0.112061,1.660504,1.772565
3200,4,0.133272,2.257584,2.390856
3200,4,0.121220,1.830334,1.951554
3200,4,0.121137,1.829437,1.950574
3200,4,0.123743,1.882142,2.005885
3200,4,0.124943,1.828240,1.953183
3200,4,0.121604,1.815978,1.937582
3200,4,0.121604,1.832662,1.954266
3200,4,0.129768,1.868306,1.998074
3200,4,0.122409,1.864835,1.987244
