size,processes,read,SCC,elapsed
2000,1,0.096626,0.144415,0.241041
2000,1,0.096925,0.142008,0.238933
2000,1,0.096726,0.140495,0.237221
2000,1,0.096170,0.142609,0.238779
2000,1,0.096962,0.137393,0.234355
2000,1,0.096867,0.145331,0.242198
2000,1,0.096971,0.138841,0.235812
2000,1,0.099295,0.139129,0.238424
2000,1,0.097254,0.139575,0.236829
2000,1,0.096831,0.140697,0.237528
