size,processes,read,SCC,elapsed
2000,2,0.048678,0.286140,0.334818
2000,2,0.048178,0.286728,0.334906
2000,2,0.048203,0.275007,0.323210
