size,processes,read,SCC,elapsed
2000,4,0.030003,0.355789,0.385792
2000,4,0.031133,0.369492,0.400625
2000,4,0.025822,0.347703,0.373525
2000,4,0.029258,0.336858,0.366116
2000,4,0.026328,0.359704,0.386032
2000,4,0.026463,0.357047,0.383510
2000,4,0.027046,0.361857,0.388903
2000,4,0.025896,0.353861,0.379757
2000,4,0.028238,0.347550,0.375788
2000,4,0.026560,0.356630,0.383190
