size,processes,read,SCC,elapsed
2000,4,0.027406,0.387122,0.414528
2000,4,0.028006,0.357125,0.385131
2000,4,0.027789,0.360097,0.387886
