size,processes,read,SCC,elapsed
2000,0,0.343597,0.144623,0.488220
2000,0,0.343801,0.138033,0.481834
2000,0,0.346774,0.142230,0.489004
