size,processes,read,SCC,elapsed
2000,2,0.048157,0.276217,0.324374
2000,2,0.047833,0.272391,0.320224
2000,2,0.047851,0.276687,0.324538
2000,2,0.047951,0.271651,0.319602
2000,2,0.047892,0.272379,0.320271
2000,2,0.048029,0.277520,0.325549
2000,2,0.048064,0.269315,0.317379
2000,2,0.048120,0.275300,0.323420
2000,2,0.048301,0.271447,0.319748
2000,2,0.047683,0.269737,0.317420
