size,processes,read,SCC,elapsed
2000,8,0.103601,0.871858,0.975459
2000,8,0.099904,0.792728,0.892632
2000,8,0.082281,0.874387,0.956668
