size,processes,read,SCC,elapsed
2000,1,0.096583,0.141592,0.238175
2000,1,0.096372,0.142619,0.238991
2000,1,0.096919,0.142187,0.239106
