, Version  , Processes , ReadFromFile ,   SCC    , Elapsed  , Speedup , Efficiency ,
,  Serial  ,     1     ,   8.43781    , 12.16297 , 20.60078 ,   1.0   ,    1.0     ,
, Parallel ,     1     ,     8.13     , 15.74144 , 23.87144 , 0.86299 ,  0.86299   ,
, Parallel ,     2     ,   3.65535    , 9.95752  , 13.61287 , 1.51333 ,  0.75667   ,
, Parallel ,     4     ,   1.29107    , 7.63969  , 8.93076  , 2.30672 ,  0.57668   ,
, Parallel ,     8     ,   3.60509    , 1.39581  , 5.00091  , 4.11941 ,  0.51493   ,
, Parallel ,     16    ,    2.5592    , 0.57423  , 3.13343  , 6.57451 ,  0.41091   ,