size,processes,read,SCC,elapsed
800,1,7.240042,13.379178,20.619220
800,1,8.564526,17.740430,26.304956
800,1,8.585433,16.104710,24.690143
