size,processes,read,SCC,elapsed
800,2,6.038607,9.384409,15.423016
800,2,2.557491,9.505471,12.062961
800,2,2.369952,10.982684,13.352635
