size,processes,read,SCC,elapsed
800,0,8.720458,12.716360,21.436818
800,0,7.778739,10.979189,18.757928
800,0,8.814222,12.793361,21.607583