size,processes,read,SCC,elapsed
800,4,1.456738,7.478392,8.935130
800,4,1.378947,7.537292,8.916239
800,4,1.037533,7.903377,8.940909
