size,processes,read,SCC,elapsed
800,16,2.463783,0.647383,3.111166
800,16,2.757382,0.537824,3.295206
800,16,2.456422,0.537493,2.993915
