size,processes,read,SCC,elapsed
800,8,3.452567,1.345566,4.798133
800,8,3.862437,1.655677,5.518114
800,8,3.500276,1.186193,4.686468
