size,processes,read,SCC,elapsed
1600,0,0.328823,0.530013,0.858836
1600,0,0.329332,0.530907,0.860239
1600,0,0.324538,0.522719,0.847257
