size,processes,read,SCC,elapsed
1600,2,0.081271,0.583973,0.665244
1600,2,0.085698,0.611978,0.697676
1600,2,0.090997,0.797757,0.888754
