size,processes,read,SCC,elapsed
1600,1,0.163381,0.550381,0.713762
1600,1,0.162587,0.534739,0.697326
1600,1,0.163366,0.533605,0.696971
