size,processes,read,SCC,elapsed
1600,2,0.081026,0.586570,0.667596
1600,2,0.081623,0.581379,0.663002
1600,2,0.081695,0.591563,0.673258
1600,2,0.080877,0.646098,0.726975
1600,2,0.081266,0.579119,0.660385
1600,2,0.087225,0.616025,0.703250
1600,2,0.081427,0.602856,0.684283
1600,2,0.081859,0.583999,0.665858
1600,2,0.081564,0.584054,0.665618
1600,2,0.084243,0.596022,0.680265
