size,processes,read,SCC,elapsed
1600,0,0.326865,0.523390,0.850255
1600,0,0.329256,0.545349,0.874605
1600,0,0.332230,0.535808,0.868038
1600,0,0.362109,0.599331,0.961440
1600,0,0.325695,0.525365,0.851060
1600,0,0.324818,0.529108,0.853926
1600,0,0.326925,0.521746,0.848671
1600,0,0.328029,0.539347,0.867376
1600,0,0.327360,0.543445,0.870805
1600,0,0.352903,0.554131,0.907034
