size,processes,read,SCC,elapsed
1600,4,0.046033,0.520630,0.566663
1600,4,0.042458,0.513974,0.556432
1600,4,0.044237,0.493989,0.538226
1600,4,0.044893,0.506841,0.551734
1600,4,0.043248,0.497793,0.541041
1600,4,0.043647,0.509994,0.553641
1600,4,0.043640,0.495107,0.538747
1600,4,0.045965,0.551874,0.597839
1600,4,0.046221,0.671830,0.718051
1600,4,0.047739,0.586028,0.633767
