size,processes,read,SCC,elapsed
1600,4,0.049199,0.640387,0.689586
1600,4,0.043864,0.495185,0.539049
1600,4,0.042358,0.490971,0.533329
