size,processes,read,SCC,elapsed
1600,8,0.198720,0.802267,1.000987
1600,8,0.104731,0.772735,0.877466
1600,8,0.077180,0.687438,0.764618
