size,processes,read,SCC,elapsed
1600,2,0.051785,0.382716,0.434501
1600,2,0.052107,0.390158,0.442265
1600,2,0.051876,0.375297,0.427173
