size,processes,read,SCC,elapsed
1600,8,0.115622,1.346066,1.461688
1600,8,0.132284,1.503395,1.635679
1600,8,0.105389,1.305867,1.411256
1600,8,0.134307,1.140646,1.274953
1600,8,0.090173,0.769204,0.859377
1600,8,0.126040,1.289052,1.415092
1600,8,0.094304,0.957779,1.052083
1600,8,0.120536,0.933228,1.053764
1600,8,0.063681,0.974885,1.038566
1600,8,0.100871,0.967687,1.068558
