size,processes,read,SCC,elapsed
1600,4,0.028451,0.404675,0.433126
1600,4,0.030045,0.417949,0.447994
1600,4,0.028552,0.414190,0.442742
