size,processes,read,SCC,elapsed
1600,0,0.264254,0.268361,0.532615
1600,0,0.263517,0.265617,0.529134
1600,0,0.264723,0.264578,0.529301
