size,processes,read,SCC,elapsed
1600,8,0.074993,0.982568,1.057561
1600,8,0.102230,0.885147,0.987377
1600,8,0.064710,0.918484,0.983194
