size,processes,read,SCC,elapsed
1600,1,0.104747,0.269298,0.374045
1600,1,0.104341,0.266123,0.370464
1600,1,0.103430,0.270210,0.373640
