size,processes,read,SCC,elapsed
1600,1,0.103282,0.266770,0.370052
1600,1,0.106834,0.267235,0.374069
1600,1,0.103937,0.268058,0.371995
1600,1,0.104480,0.264508,0.368988
1600,1,0.104693,0.267782,0.372475
1600,1,0.103672,0.268418,0.372090
1600,1,0.103764,0.269738,0.373502
1600,1,0.104340,0.266006,0.370346
1600,1,0.103980,0.266122,0.370102
1600,1,0.103675,0.266155,0.369830
