size,processes,read,SCC,elapsed
3600,2,0.266746,1.850740,2.117486
3600,2,0.265253,1.860709,2.125962
3600,2,0.263601,1.864524,2.128125
