size,processes,read,SCC,elapsed
3600,4,0.181241,2.394262,2.575503
3600,4,0.143938,2.340929,2.484867
3600,4,0.153635,2.224784,2.378419
