size,processes,read,SCC,elapsed
3600,1,0.526423,1.381534,1.907957
3600,1,0.525551,1.375400,1.900951
3600,1,0.523062,1.377830,1.900892
