size,processes,read,SCC,elapsed
3600,0,1.335008,1.371094,2.706102
3600,0,1.336390,1.366916,2.703306
3600,0,1.333093,1.377230,2.710323
