size,processes,read,SCC,elapsed
3600,2,0.263874,1.844372,2.108246
3600,2,0.264463,1.856440,2.120903
3600,2,0.262563,1.682400,1.944963
3600,2,0.263922,1.809454,2.073376
3600,2,0.263353,1.837147,2.100500
3600,2,0.266634,1.840717,2.107351
3600,2,0.262282,1.845197,2.107479
3600,2,0.263159,1.861646,2.124805
3600,2,0.263563,1.846208,2.109771
3600,2,0.264075,1.675978,1.940053
