size,processes,read,SCC,elapsed
3600,8,0.240918,4.572791,4.813709
3600,8,0.232608,4.876111,5.108719
3600,8,0.291997,4.914328,5.206325
3600,8,0.207443,4.544910,4.752353
3600,8,0.184900,4.557696,4.742596
3600,8,0.189942,4.730254,4.920196
3600,8,0.218772,4.484551,4.703323
3600,8,0.203530,4.686381,4.889911
3600,8,0.210053,4.575763,4.785816
3600,8,0.218278,4.602247,4.820525
