size,processes,read,SCC,elapsed
3600,1,0.525328,1.364592,1.889920
3600,1,0.525675,1.359773,1.885448
3600,1,0.523121,1.358111,1.881232
3600,1,0.522836,1.356806,1.879642
3600,1,0.521175,1.356802,1.877977
3600,1,0.523243,1.355934,1.879177
3600,1,0.525486,1.383804,1.909290
3600,1,0.526242,1.359512,1.885754
3600,1,0.523293,1.373792,1.897085
3600,1,0.529986,1.374463,1.904449
