size,processes,read,SCC,elapsed
3600,8,0.205662,4.565524,4.771186
3600,8,0.237619,4.608913,4.846532
3600,8,0.229153,4.997433,5.226586
