size,processes,read,SCC,elapsed
3600,4,0.146216,2.267470,2.413686
3600,4,0.161318,2.403668,2.564986
3600,4,0.163512,2.289901,2.453413
3600,4,0.156464,2.344497,2.500961
3600,4,0.155407,2.342220,2.497627
3600,4,0.162991,2.319782,2.482773
3600,4,0.155289,2.339988,2.495277
3600,4,0.156313,2.536431,2.692744
3600,4,0.148554,2.278983,2.427537
3600,4,0.162303,2.416988,2.579291
