size,processes,read,SCC,elapsed
400,8,0.043695,0.060004,0.103699
400,8,0.158887,0.066152,0.225039
400,8,0.049827,0.071073,0.120900
