size,processes,read,SCC,elapsed
400,0,0.016579,0.010618,0.027197
400,0,0.016674,0.011280,0.027954
400,0,0.016791,0.010837,0.027628
