size,processes,read,SCC,elapsed
400,4,0.002955,0.023090,0.026045
400,4,0.002776,0.021065,0.023841
400,4,0.001994,0.024923,0.026917
