size,processes,read,SCC,elapsed
400,2,0.003458,0.021782,0.025240
400,2,0.003577,0.018693,0.022270
400,2,0.003549,0.024240,0.027789
400,2,0.003508,0.022673,0.026181
400,2,0.003589,0.018676,0.022265
400,2,0.003452,0.018526,0.021978
400,2,0.003610,0.018810,0.022420
400,2,0.003406,0.018779,0.022185
400,2,0.003491,0.018489,0.021980
400,2,0.003479,0.017967,0.021446
