size,processes,read,SCC,elapsed
400,2,0.003371,0.039862,0.043233
400,2,0.004120,0.039557,0.043677
400,2,0.003835,0.040684,0.044519
