size,processes,read,SCC,elapsed
400,1,0.006595,0.010915,0.017510
400,1,0.006537,0.010694,0.017231
400,1,0.007009,0.010634,0.017643
400,1,0.006496,0.011176,0.017672
400,1,0.006547,0.011553,0.018100
400,1,0.006492,0.010162,0.016654
400,1,0.006644,0.011557,0.018201
400,1,0.006687,0.011015,0.017702
400,1,0.006588,0.010424,0.017012
400,1,0.006715,0.010203,0.016918
