size,processes,read,SCC,elapsed
400,1,0.006523,0.010732,0.017255
400,1,0.006614,0.011041,0.017655
400,1,0.006517,0.011313,0.017830
