, Version  , Processes , ReadFromFile ,   SCC    , Elapsed  , Speedup , Efficiency ,
,  Serial  ,     1     ,   2.73101    ,  2.4195  , 5.15051  ,   1.0   ,    1.0     ,
, Parallel ,     1     ,   1.76981    , 4.12573  , 5.89554  , 0.87363 ,  0.87363   ,
, Parallel ,     2     ,   3.32728    , 8.44888  , 11.77616 , 0.43737 ,  0.21868   ,
, Parallel ,     4     ,   2.57267    , 11.29239 , 13.86507 , 0.37147 ,  0.09287   ,
, Parallel ,     8     ,   1.87783    , 19.21632 , 21.09415 , 0.24417 ,  0.03052   ,
, Parallel ,     16    ,   1.03134    , 11.98821 , 13.01955 ,  0.3956 ,  0.02472   ,