size,processes,read,SCC,elapsed
1200,0,2.738145,2.421329,5.159474
1200,0,2.747475,2.418692,5.166167
1200,0,2.707406,2.418489,5.125895
