size,processes,read,SCC,elapsed
1200,1,1.054161,4.428635,5.482797
1200,1,2.271052,3.973817,6.244869
1200,1,1.984219,3.974735,5.958954
