size,processes,read,SCC,elapsed
1200,4,1.990657,11.444303,13.434960
1200,4,2.947740,9.482817,12.430557
1200,4,2.779623,12.950061,15.729684
