size,processes,read,SCC,elapsed
1200,2,3.674125,10.462038,14.136163
1200,2,3.354852,7.966573,11.321425
1200,2,2.952866,6.918026,9.870892
