size,processes,read,SCC,elapsed
1200,16,0.959345,15.183750,16.143095
1200,16,0.934522,10.899207,11.833729
1200,16,1.200157,9.881668,11.081825
