size,processes,read,SCC,elapsed
1200,8,2.151352,17.493745,19.645097
1200,8,1.641038,20.432321,22.073359
1200,8,1.841101,19.722883,21.563984
