size,processes,read,SCC,elapsed
800,0,0.082645,0.132392,0.215037
800,0,0.081971,0.132871,0.214842
800,0,0.080922,0.129170,0.210092
800,0,0.082542,0.132732,0.215274
800,0,0.081808,0.130560,0.212368
800,0,0.082185,0.130444,0.212629
800,0,0.081051,0.130198,0.211249
800,0,0.081398,0.131922,0.213320
800,0,0.082453,0.133139,0.215592
800,0,0.092986,0.147971,0.240957
