size,processes,read,SCC,elapsed
800,8,0.078373,0.176334,0.254707
800,8,0.047498,0.288659,0.336157
800,8,0.076432,0.152612,0.229044
