size,processes,read,SCC,elapsed
800,0,0.080969,0.131190,0.212159
800,0,0.083553,0.134866,0.218419
800,0,0.082266,0.135554,0.217820
