size,processes,read,SCC,elapsed
800,1,0.041640,0.138144,0.179784
800,1,0.040702,0.135453,0.176155
800,1,0.043444,0.137152,0.180596
