size,processes,read,SCC,elapsed
800,4,0.010604,0.120404,0.131008
800,4,0.010611,0.127370,0.137981
800,4,0.010725,0.135190,0.145915
