size,processes,read,SCC,elapsed
800,2,0.020753,0.151874,0.172627
800,2,0.020770,0.148897,0.169667
800,2,0.020534,0.144318,0.164852
800,2,0.020421,0.147039,0.167460
800,2,0.020932,0.147265,0.168197
800,2,0.020735,0.148707,0.169442
800,2,0.021276,0.218797,0.240073
800,2,0.020801,0.149480,0.170281
800,2,0.020567,0.147124,0.167691
800,2,0.021577,0.148287,0.169864
