size,processes,read,SCC,elapsed
800,2,0.020511,0.149066,0.169577
800,2,0.020676,0.145913,0.166589
800,2,0.021343,0.148007,0.169350
