size,processes,read,SCC,elapsed
800,8,0.051010,0.187294,0.238304
800,8,0.099111,0.184180,0.283291
800,8,0.080374,0.204527,0.284901
800,8,0.074221,0.213786,0.288007
800,8,0.091037,0.209521,0.300558
800,8,0.079967,0.217621,0.297588
800,8,0.118131,0.190606,0.308737
800,8,0.055539,0.231132,0.286671
800,8,0.079019,0.222023,0.301042
800,8,0.060205,0.203410,0.263615
