size,processes,read,SCC,elapsed
800,4,0.012420,0.148036,0.160456
800,4,0.011370,0.135484,0.146854
800,4,0.011193,0.133003,0.144196
800,4,0.012398,0.134020,0.146418
800,4,0.011599,0.131976,0.143575
800,4,0.010877,0.122548,0.133425
800,4,0.013288,0.125550,0.138838
800,4,0.011036,0.130412,0.141448
800,4,0.011636,0.127226,0.138862
800,4,0.010491,0.123941,0.134432
