size,processes,read,SCC,elapsed
800,1,0.041674,0.136789,0.178463
800,1,0.041118,0.132075,0.173193
800,1,0.040874,0.135235,0.176109
800,1,0.040770,0.131870,0.172640
800,1,0.043764,0.138450,0.182214
800,1,0.041586,0.135682,0.177268
800,1,0.040971,0.131731,0.172702
800,1,0.040978,0.134136,0.175114
800,1,0.040571,0.133436,0.174007
800,1,0.040566,0.131135,0.171701
