size,processes,read,SCC,elapsed
1600,8,0.059298,0.680103,0.739401
1600,8,0.079722,0.539967,0.619689
1600,8,0.074506,0.487947,0.562453
