size,processes,read,SCC,elapsed
1600,1,0.061815,0.088296,0.150111
1600,1,0.062368,0.091963,0.154331
1600,1,0.061718,0.089475,0.151193
1600,1,0.061717,0.090758,0.152475
1600,1,0.061897,0.091010,0.152907
1600,1,0.063784,0.089941,0.153725
1600,1,0.062185,0.091976,0.154161
1600,1,0.061678,0.091415,0.153093
1600,1,0.062904,0.091972,0.154876
1600,1,0.062824,0.089290,0.152114
