size,processes,read,SCC,elapsed
1600,8,0.080040,0.529866,0.609906
1600,8,0.074676,0.526877,0.601553
1600,8,0.064382,0.528563,0.592945
1600,8,0.051685,0.568236,0.619921
1600,8,0.088398,0.520566,0.608964
1600,8,0.088469,0.572357,0.660826
1600,8,0.061223,0.486350,0.547573
1600,8,0.066483,0.539575,0.606058
1600,8,0.088641,0.524895,0.613536
1600,8,0.048142,0.778434,0.826576
