size,processes,read,SCC,elapsed
1600,1,0.064014,0.096830,0.160844
1600,1,0.068776,0.091381,0.160157
1600,1,0.061969,0.090573,0.152542
