size,processes,read,SCC,elapsed
1600,0,0.220998,0.090910,0.311908
1600,0,0.222438,0.085557,0.307995
1600,0,0.221418,0.090697,0.312115
1600,0,0.224252,0.090612,0.314864
1600,0,0.220521,0.087879,0.308400
1600,0,0.222098,0.089178,0.311276
1600,0,0.223246,0.093229,0.316475
1600,0,0.223031,0.090393,0.313424
1600,0,0.221005,0.091263,0.312268
1600,0,0.221819,0.088779,0.310598
