size,processes,read,SCC,elapsed
1600,4,0.017389,0.219199,0.236588
1600,4,0.018693,0.279900,0.298593
1600,4,0.018007,0.235696,0.253703
