size,processes,read,SCC,elapsed
1600,0,0.222388,0.089307,0.311695
1600,0,0.220543,0.086937,0.307480
1600,0,0.221393,0.087924,0.309317
