size,processes,read,SCC,elapsed
1600,2,0.031020,0.192031,0.223051
1600,2,0.031755,0.195248,0.227003
1600,2,0.032038,0.184893,0.216931
