size,processes,read,SCC,elapsed
400,1,0.010291,0.035188,0.045479
400,1,0.010311,0.031897,0.042208
400,1,0.010396,0.033772,0.044168
