size,processes,read,SCC,elapsed
400,4,0.002790,0.032341,0.035131
400,4,0.002852,0.029687,0.032539
400,4,0.002792,0.030297,0.033089
