size,processes,read,SCC,elapsed
400,0,0.020309,0.032181,0.052490
400,0,0.020281,0.032846,0.053127
400,0,0.020426,0.033556,0.053982
400,0,0.020204,0.032653,0.052857
400,0,0.020247,0.031333,0.051580
400,0,0.020751,0.032335,0.053086
400,0,0.020209,0.034206,0.054415
400,0,0.020788,0.032279,0.053067
400,0,0.020317,0.032064,0.052381
400,0,0.020145,0.032076,0.052221
