size,processes,read,SCC,elapsed
400,1,0.010254,0.034312,0.044566
400,1,0.010258,0.033377,0.043635
400,1,0.010374,0.033237,0.043611
400,1,0.010648,0.032055,0.042703
400,1,0.010363,0.034041,0.044404
400,1,0.010446,0.033853,0.044299
400,1,0.010424,0.033505,0.043929
400,1,0.010813,0.033891,0.044704
400,1,0.010767,0.034712,0.045479
400,1,0.010342,0.033143,0.043485
