size,processes,read,SCC,elapsed
400,0,0.020098,0.034007,0.054105
400,0,0.020483,0.032744,0.053227
400,0,0.019987,0.033070,0.053057
