size,processes,read,SCC,elapsed
400,2,0.005638,0.037640,0.043278
400,2,0.006117,0.047291,0.053408
400,2,0.005374,0.036292,0.041666
400,2,0.005340,0.036302,0.041642
400,2,0.005831,0.038625,0.044456
400,2,0.005376,0.036265,0.041641
400,2,0.005335,0.036504,0.041839
400,2,0.005451,0.037035,0.042486
400,2,0.005304,0.037288,0.042592
400,2,0.005291,0.038428,0.043719
