size,processes,read,SCC,elapsed
400,8,0.056265,0.049339,0.105604
400,8,0.037048,0.077181,0.114229
400,8,0.071392,0.163003,0.234395
