size,processes,read,SCC,elapsed
400,2,0.005279,0.036650,0.041929
400,2,0.005384,0.037530,0.042914
400,2,0.005462,0.035847,0.041309
