size,processes,read,SCC,elapsed
1600,1,0.062281,0.136775,0.199056
1600,1,0.062807,0.136104,0.198911
1600,1,0.062058,0.136376,0.198434
1600,1,0.061985,0.139642,0.201627
1600,1,0.061766,0.137877,0.199643
1600,1,0.062441,0.134125,0.196566
1600,1,0.061965,0.137074,0.199039
1600,1,0.062346,0.135712,0.198058
1600,1,0.062395,0.136258,0.198653
1600,1,0.063113,0.136310,0.199423
