size,processes,read,SCC,elapsed
1600,1,0.063684,0.137440,0.201124
1600,1,0.062690,0.140401,0.203091
1600,1,0.062975,0.144866,0.207841
