size,processes,read,SCC,elapsed
1600,2,0.031815,0.228766,0.260581
1600,2,0.032092,0.224765,0.256857
1600,2,0.031657,0.231876,0.263533
