size,processes,read,SCC,elapsed
1600,0,0.221165,0.134667,0.355832
1600,0,0.221112,0.134920,0.356032
1600,0,0.219719,0.134584,0.354303
1600,0,0.222224,0.132992,0.355216
1600,0,0.219660,0.133481,0.353141
1600,0,0.220873,0.136584,0.357457
1600,0,0.221233,0.133300,0.354533
1600,0,0.221650,0.136688,0.358338
1600,0,0.223137,0.135388,0.358525
1600,0,0.221039,0.133646,0.354685
