size,processes,read,SCC,elapsed
1600,0,0.220988,0.135032,0.356020
1600,0,0.219623,0.133159,0.352782
1600,0,0.221771,0.137684,0.359455
