size,processes,read,SCC,elapsed
1600,8,0.089198,0.669039,0.758237
1600,8,0.050335,0.693615,0.743950
1600,8,0.091250,0.643441,0.734691
