size,processes,read,SCC,elapsed
1600,4,0.016343,0.293839,0.310182
1600,4,0.017898,0.300621,0.318519
1600,4,0.019288,0.313163,0.332451
