size,processes,read,SCC,elapsed
1600,2,0.030926,0.223512,0.254438
1600,2,0.030909,0.225138,0.256047
1600,2,0.030887,0.278091,0.308978
1600,2,0.030858,0.229260,0.260118
1600,2,0.031222,0.234118,0.265340
1600,2,0.037027,0.224071,0.261098
1600,2,0.031133,0.222570,0.253703
1600,2,0.031234,0.225811,0.257045
1600,2,0.031284,0.243219,0.274503
1600,2,0.030879,0.225967,0.256846
