size,processes,read,SCC,elapsed
1600,4,0.024189,0.305835,0.330024
1600,4,0.016108,0.287784,0.303892
1600,4,0.062757,0.317917,0.380674
1600,4,0.016850,0.283207,0.300057
1600,4,0.017558,0.276405,0.293963
1600,4,0.017164,0.288208,0.305372
1600,4,0.016032,0.291735,0.307767
1600,4,0.019481,0.288170,0.307651
1600,4,0.016831,0.309233,0.326064
1600,4,0.018087,0.270323,0.288410
