size,processes,read,SCC,elapsed
1200,4,4.076449,10.437876,14.514326
1200,4,3.583441,12.057396,15.640837
1200,4,4.069391,11.411292,15.480683
