size,processes,read,SCC,elapsed
1200,8,5.815585,7.912354,13.727940
1200,8,5.878739,8.280673,14.159413
1200,8,6.184748,8.203665,14.388413
