size,processes,read,SCC,elapsed
1200,1,10.730982,22.197821,32.928804
1200,1,10.754958,22.228130,32.983088
1200,1,10.736636,22.258185,32.994821
