size,processes,read,SCC,elapsed
1200,16,1.798707,6.498433,8.297140
1200,16,1.704900,8.915477,10.620378
1200,16,1.684266,8.887041,10.571308
