size,processes,read,SCC,elapsed
1200,0,25.529102,37.360812,62.889918
1200,0,25.450971,37.371903,62.822877
1200,0,26.285964,37.371824,63.657792
