size,processes,read,SCC,elapsed
1200,2,5.625651,14.951783,20.577434
1200,2,5.633485,14.950835,20.584321
1200,2,5.627677,14.894040,20.521718
