size,processes,read,SCC,elapsed
2400,1,0.142038,0.316256,0.458294
2400,1,0.138957,0.312185,0.451142
2400,1,0.139261,0.308667,0.447928
