size,processes,read,SCC,elapsed
2400,0,0.506757,0.302886,0.809643
2400,0,0.497001,0.303178,0.800179
2400,0,0.495446,0.304154,0.799600
2400,0,0.496097,0.308452,0.804549
2400,0,0.497261,0.303256,0.800517
2400,0,0.494839,0.303210,0.798049
2400,0,0.496070,0.302486,0.798556
2400,0,0.496914,0.305564,0.802478
2400,0,0.495083,0.303491,0.798574
2400,0,0.497065,0.304014,0.801079
