size,processes,read,SCC,elapsed
2400,8,0.127111,1.513068,1.640179
2400,8,0.087425,1.616701,1.704126
2400,8,0.092707,1.506811,1.599518
2400,8,0.086575,1.557075,1.643650
2400,8,0.094093,1.935022,2.029115
2400,8,0.072984,1.528437,1.601421
2400,8,0.099393,1.604005,1.703398
2400,8,0.058093,1.494117,1.552210
2400,8,0.101993,1.490456,1.592449
2400,8,0.097037,1.539146,1.636183
