size,processes,read,SCC,elapsed
2400,2,0.070797,0.518193,0.588990
2400,2,0.069468,0.501260,0.570728
2400,2,0.069795,0.486101,0.555896
