size,processes,read,SCC,elapsed
2400,4,0.036786,0.632853,0.669639
2400,4,0.036197,0.611764,0.647961
2400,4,0.038516,0.610727,0.649243
