size,processes,read,SCC,elapsed
2400,0,0.498385,0.307780,0.806165
2400,0,0.496987,0.306389,0.803376
2400,0,0.494721,0.303816,0.798537
