size,processes,read,SCC,elapsed
2400,1,0.139242,0.305318,0.444560
2400,1,0.138538,0.307379,0.445917
2400,1,0.139066,0.307642,0.446708
2400,1,0.140195,0.308519,0.448714
2400,1,0.139921,0.308415,0.448336
2400,1,0.140387,0.303853,0.444240
2400,1,0.139975,0.308125,0.448100
2400,1,0.138812,0.308042,0.446854
2400,1,0.139338,0.306870,0.446208
2400,1,0.140087,0.306700,0.446787
