size,processes,read,SCC,elapsed
2400,8,0.100963,1.308584,1.409547
2400,8,0.109671,1.445600,1.555271
2400,8,0.117882,1.383992,1.501874
