size,processes,read,SCC,elapsed
3600,1,0.826102,2.762747,3.588849
3600,1,0.828536,2.826989,3.655525
3600,1,0.821609,2.759009,3.580618
