size,processes,read,SCC,elapsed
3600,8,0.320019,4.141397,4.461416
3600,8,0.307588,4.222798,4.530386
3600,8,0.321308,5.096572,5.417880
3600,8,0.362930,4.233677,4.596607
3600,8,0.337600,4.277601,4.615201
3600,8,0.302332,4.110887,4.413219
3600,8,0.283865,3.855593,4.139458
3600,8,0.274782,3.796595,4.071377
3600,8,0.350619,4.702851,5.053470
3600,8,0.309392,4.235507,4.544899
