size,processes,read,SCC,elapsed
3600,2,0.416024,2.927921,3.343945
3600,2,0.426479,2.966144,3.392623
3600,2,0.414984,3.011033,3.426017
3600,2,0.447119,2.995472,3.442591
3600,2,0.445336,3.039219,3.484555
3600,2,0.489038,3.158197,3.647235
3600,2,0.450173,3.233684,3.683857
3600,2,0.467027,3.529270,3.996297
3600,2,0.451893,3.102504,3.554397
3600,2,0.412238,2.933476,3.345714
