size,processes,read,SCC,elapsed
3600,0,1.680558,2.820073,4.500631
3600,0,1.698831,2.826524,4.525355
3600,0,1.640172,2.765120,4.405292
