size,processes,read,SCC,elapsed
3600,1,0.828995,2.773112,3.602107
3600,1,0.828873,2.789839,3.618712
3600,1,0.819189,2.833972,3.653161
3600,1,0.822386,2.760130,3.582516
3600,1,0.828430,2.782964,3.611394
3600,1,0.838305,2.765183,3.603488
3600,1,0.824624,2.779460,3.604084
3600,1,0.850370,2.791134,3.641504
3600,1,0.835095,2.761140,3.596235
3600,1,0.822536,2.760939,3.583475
