size,processes,read,SCC,elapsed
3600,8,0.329058,4.049150,4.378208
3600,8,0.319870,3.937907,4.257777
3600,8,0.276089,3.860400,4.136489
