size,processes,read,SCC,elapsed
3600,4,0.245027,2.879006,3.124033
3600,4,0.224210,2.720836,2.945046
3600,4,0.219994,3.036362,3.256356
