size,processes,read,SCC,elapsed
3600,2,0.412545,2.954718,3.367263
3600,2,0.419931,2.966626,3.386557
3600,2,0.420296,2.961377,3.381673
