size,processes,read,SCC,elapsed
2000,1,0.229881,0.798216,1.028097
2000,1,0.230511,0.796727,1.027238
2000,1,0.230155,0.807463,1.037618
2000,1,0.235042,0.807697,1.042739
2000,1,0.233160,0.796701,1.029861
2000,1,0.231524,0.800809,1.032333
2000,1,0.230286,0.794149,1.024435
2000,1,0.230788,0.791558,1.022346
2000,1,0.228978,0.785378,1.014356
2000,1,0.229208,0.802242,1.031450
