size,processes,read,SCC,elapsed
2000,4,0.067666,0.732944,0.800610
2000,4,0.068699,0.810721,0.879420
2000,4,0.064087,0.720195,0.784282
2000,4,0.060622,0.768455,0.829077
2000,4,0.064002,0.713058,0.777060
2000,4,0.063434,0.717249,0.780683
2000,4,0.061067,0.732159,0.793226
2000,4,0.063111,0.720207,0.783318
2000,4,0.063781,0.749381,0.813162
2000,4,0.070078,1.037351,1.107429
