size,processes,read,SCC,elapsed
2000,4,0.065829,0.730719,0.796548
2000,4,0.061349,0.700604,0.761953
2000,4,0.069492,0.829699,0.899191
