size,processes,read,SCC,elapsed
2000,0,0.492654,0.794844,1.287498
2000,0,0.493804,0.793046,1.286850
2000,0,0.491904,0.788118,1.280022
