size,processes,read,SCC,elapsed
2000,8,0.094289,1.173359,1.267648
2000,8,0.106047,1.167588,1.273635
2000,8,0.146145,1.057728,1.203873
2000,8,0.133551,1.031174,1.164725
2000,8,0.130077,1.051545,1.181622
2000,8,0.127704,1.023034,1.150738
2000,8,0.105634,1.128937,1.234571
2000,8,0.182917,1.369604,1.552521
2000,8,0.139125,1.101789,1.240914
2000,8,0.126685,1.036973,1.163658
