size,processes,read,SCC,elapsed
2000,2,0.114480,0.856991,0.971471
2000,2,0.114774,0.845759,0.960533
2000,2,0.114304,0.846701,0.961005
