size,processes,read,SCC,elapsed
2000,8,0.124524,1.140405,1.264929
2000,8,0.092580,1.229929,1.322509
2000,8,0.314024,1.419252,1.733276
