size,processes,read,SCC,elapsed
2000,1,0.230446,0.803804,1.034250
2000,1,0.231674,0.790617,1.022291
2000,1,0.231117,0.798299,1.029416
