size,processes,read,SCC,elapsed
3200,2,0.209379,1.152408,1.361787
3200,2,0.214183,1.036046,1.250229
3200,2,0.208921,1.102454,1.311375
