size,processes,read,SCC,elapsed
3200,4,0.114860,1.384084,1.498944
3200,4,0.109203,1.286287,1.395490
3200,4,0.114762,1.278066,1.392828
3200,4,0.108658,1.291967,1.400625
3200,4,0.116700,1.324276,1.440976
3200,4,0.121486,1.410412,1.531898
3200,4,0.110661,1.362544,1.473205
3200,4,0.114986,1.310305,1.425291
3200,4,0.119485,1.342999,1.462484
3200,4,0.117194,1.291055,1.408249
