size,processes,read,SCC,elapsed
3200,8,0.155586,2.846897,3.002483
3200,8,0.211294,2.972788,3.184082
3200,8,0.181736,2.711933,2.893669
