size,processes,read,SCC,elapsed
3200,0,1.058453,0.689616,1.748069
3200,0,1.061763,0.686226,1.747989
3200,0,1.060506,0.683246,1.743752
3200,0,1.059614,0.683588,1.743202
3200,0,1.057018,0.685008,1.742026
3200,0,1.064552,0.680822,1.745374
3200,0,1.060361,0.679761,1.740122
3200,0,1.055952,0.680231,1.736183
3200,0,1.054523,0.683686,1.738209
3200,0,1.055344,0.680629,1.735973
