size,processes,read,SCC,elapsed
3200,2,0.206433,1.104458,1.310891
3200,2,0.206819,1.093379,1.300198
3200,2,0.206760,1.100495,1.307255
3200,2,0.207590,1.107788,1.315378
3200,2,0.209386,1.118600,1.327986
3200,2,0.206594,1.103091,1.309685
3200,2,0.209136,1.105223,1.314359
3200,2,0.207723,1.113635,1.321358
3200,2,0.207453,1.100450,1.307903
3200,2,0.207744,1.098949,1.306693
