size,processes,read,SCC,elapsed
3200,1,0.416954,0.690991,1.107945
3200,1,0.553569,1.010883,1.564452
3200,1,0.429858,0.733321,1.163179
