size,processes,read,SCC,elapsed
3200,1,0.416665,0.687424,1.104089
3200,1,0.460997,0.689323,1.150320
3200,1,0.431792,0.709473,1.141265
3200,1,0.416837,0.713376,1.130213
3200,1,0.418581,0.691187,1.109768
3200,1,0.417187,0.693980,1.111167
3200,1,0.414222,0.684865,1.099087
3200,1,0.416817,0.696262,1.113079
3200,1,0.415388,0.686644,1.102032
3200,1,0.416784,0.686898,1.103682
