size,processes,read,SCC,elapsed
3200,0,1.054089,0.694606,1.748695
3200,0,1.054073,0.686082,1.740155
3200,0,1.055557,0.693090,1.748647
