size,processes,read,SCC,elapsed
3200,4,0.110851,1.392858,1.503709
3200,4,0.116521,1.401418,1.517939
3200,4,0.113151,1.445925,1.559076
