size,processes,read,SCC,elapsed
2800,4,0.131960,1.508227,1.640187
2800,4,0.182699,1.885745,2.068444
2800,4,0.180339,2.003870,2.184209
2800,4,0.169967,2.433243,2.603210
2800,4,0.179811,2.317821,2.497632
2800,4,0.185530,2.132128,2.317658
2800,4,0.158612,2.176155,2.334767
2800,4,0.169493,1.904290,2.073783
2800,4,0.147265,1.772730,1.919995
2800,4,0.141549,1.750068,1.891617
