size,processes,read,SCC,elapsed
2800,8,0.198995,2.575831,2.774826
2800,8,0.286840,2.417151,2.703991
2800,8,0.192544,2.422579,2.615123
