size,processes,read,SCC,elapsed
2800,2,0.254537,1.789559,2.044096
2800,2,0.249019,1.781646,2.030665
2800,2,0.249158,1.774478,2.023636
