size,processes,read,SCC,elapsed
2800,1,0.499487,1.669468,2.168955
2800,1,0.515650,1.689155,2.204805
2800,1,0.505375,1.687216,2.192591
2800,1,0.506872,1.712271,2.219143
2800,1,0.511952,1.681192,2.193144
2800,1,0.509257,1.705148,2.214405
2800,1,0.520258,1.700280,2.220538
2800,1,0.569350,2.147377,2.716727
2800,1,0.510309,1.667332,2.177641
2800,1,0.499482,1.674130,2.173612
