size,processes,read,SCC,elapsed
2800,0,1.004257,1.670377,2.674634
2800,0,1.002909,1.662676,2.665585
2800,0,0.993810,1.658430,2.652240
