size,processes,read,SCC,elapsed
2800,1,0.499866,1.654072,2.153938
2800,1,0.499790,1.667449,2.167239
2800,1,0.505332,1.665535,2.170867
