size,processes,read,SCC,elapsed
2800,4,0.159781,1.587287,1.747068
2800,4,0.143782,1.726591,1.870373
2800,4,0.130696,1.520426,1.651122
