size,processes,read,SCC,elapsed
4000,2,0.193559,1.308621,1.502180
4000,2,0.193124,1.241442,1.434566
4000,2,0.192534,1.341763,1.534297
4000,2,0.193550,1.327116,1.520666
4000,2,0.193202,1.320979,1.514181
4000,2,0.193253,1.344764,1.538017
4000,2,0.193116,1.298843,1.491959
4000,2,0.194247,1.321926,1.516173
4000,2,0.193197,1.217228,1.410425
4000,2,0.193002,1.305678,1.498680
