size,processes,read,SCC,elapsed
4000,0,1.379808,0.841619,2.221427
4000,0,1.384712,0.855232,2.239944
4000,0,1.380991,0.843891,2.224882
4000,0,1.435189,0.858603,2.293792
4000,0,1.374564,0.847742,2.222306
4000,0,1.377562,0.849615,2.227177
4000,0,1.423694,0.859928,2.283622
4000,0,1.434786,0.859779,2.294565
4000,0,1.379304,0.843898,2.223202
4000,0,1.370900,0.843827,2.214727
