size,processes,read,SCC,elapsed
4000,0,1.370096,0.856145,2.226241
4000,0,1.380703,0.857134,2.237837
4000,0,1.385190,0.854835,2.240025
