size,processes,read,SCC,elapsed
4000,2,0.194108,1.393588,1.587696
4000,2,0.224851,1.711671,1.936522
4000,2,0.192947,1.331974,1.524921
