size,processes,read,SCC,elapsed
4000,1,0.387992,0.849872,1.237864
4000,1,0.388050,0.865063,1.253113
4000,1,0.393880,0.857646,1.251526
4000,1,0.385710,0.854269,1.239979
4000,1,0.385394,0.848515,1.233909
4000,1,0.384412,0.852127,1.236539
4000,1,0.385989,0.857598,1.243587
4000,1,0.386241,0.863424,1.249665
4000,1,0.385252,0.855233,1.240485
4000,1,0.389101,0.846652,1.235753
