size,processes,read,SCC,elapsed
4000,1,0.386540,0.860642,1.247182
4000,1,0.420364,0.895866,1.316230
4000,1,0.388090,0.860321,1.248411
