size,processes,read,SCC,elapsed
4000,4,0.106283,1.761493,1.867776
4000,4,0.123314,2.036159,2.159473
4000,4,0.109852,2.073839,2.183691
