size,processes,read,SCC,elapsed
4000,8,0.169530,5.037158,5.206688
4000,8,0.169368,4.054850,4.224218
4000,8,0.136915,4.312687,4.449602
