size,processes,read,SCC,elapsed
1200,1,0.035001,0.080249,0.115250
1200,1,0.034793,0.079000,0.113793
1200,1,0.035156,0.079238,0.114394
1200,1,0.035264,0.074687,0.109951
1200,1,0.034410,0.076282,0.110692
1200,1,0.034641,0.078628,0.113269
1200,1,0.035026,0.075814,0.110840
1200,1,0.034821,0.075647,0.110468
1200,1,0.034629,0.078741,0.113370
1200,1,0.034631,0.082324,0.116955
