size,processes,read,SCC,elapsed
1200,4,0.011653,0.155205,0.166858
1200,4,0.010772,0.150604,0.161376
1200,4,0.013782,0.162262,0.176044
1200,4,0.009182,0.156389,0.165571
1200,4,0.010077,0.157345,0.167422
1200,4,0.011110,0.166640,0.177750
1200,4,0.010804,0.149067,0.159871
1200,4,0.010145,0.163847,0.173992
1200,4,0.010489,0.154904,0.165393
1200,4,0.009659,0.168978,0.178637
