size,processes,read,SCC,elapsed
1200,1,0.035570,0.078911,0.114481
1200,1,0.034969,0.075580,0.110549
1200,1,0.034734,0.079454,0.114188
