size,processes,read,SCC,elapsed
1200,2,0.017479,0.131843,0.149322
1200,2,0.017764,0.130934,0.148698
1200,2,0.017576,0.136712,0.154288
