size,processes,read,SCC,elapsed
1200,8,0.087131,0.355925,0.443056
1200,8,0.119968,0.457735,0.577703
1200,8,0.059786,0.477902,0.537688
