size,processes,read,SCC,elapsed
1200,2,0.017489,0.141883,0.159372
1200,2,0.017623,0.139650,0.157273
1200,2,0.017439,0.138657,0.156096
1200,2,0.017712,0.131615,0.149327
1200,2,0.017722,0.135708,0.153430
1200,2,0.017404,0.141799,0.159203
1200,2,0.017422,0.132178,0.149600
1200,2,0.017445,0.133386,0.150831
1200,2,0.017561,0.129847,0.147408
1200,2,0.017533,0.128638,0.146171
