size,processes,read,SCC,elapsed
1200,4,0.009414,0.168175,0.177589
1200,4,0.009509,0.169260,0.178769
1200,4,0.009678,0.157911,0.167589
