size,processes,read,SCC,elapsed
1200,0,0.123418,0.078257,0.201675
1200,0,0.124029,0.077198,0.201227
1200,0,0.124027,0.075846,0.199873
