size,processes,read,SCC,elapsed
3600,4,0.083802,1.342881,1.426683
3600,4,0.082356,1.319886,1.402242
3600,4,0.085506,1.449117,1.534623
