size,processes,read,SCC,elapsed
3600,4,0.086488,1.338589,1.425077
3600,4,0.083515,1.440646,1.524161
3600,4,0.083863,1.417895,1.501758
3600,4,0.085545,1.449584,1.535129
3600,4,0.085572,1.431766,1.517338
3600,4,0.087358,1.499011,1.586369
3600,4,0.086011,1.418517,1.504528
3600,4,0.094803,1.491173,1.585976
3600,4,0.088974,1.395453,1.484427
3600,4,0.092903,1.455228,1.548131
