size,processes,read,SCC,elapsed
3600,2,0.158100,1.065590,1.223690
3600,2,0.158183,1.056220,1.214403
3600,2,0.156431,1.070220,1.226651
3600,2,0.155844,1.083503,1.239347
3600,2,0.156191,0.983286,1.139477
3600,2,0.156677,1.066246,1.222923
3600,2,0.156141,1.064342,1.220483
3600,2,0.155992,1.068999,1.224991
3600,2,0.156213,1.061634,1.217847
3600,2,0.156309,1.124770,1.281079
