size,processes,read,SCC,elapsed
3600,1,0.315726,0.699802,1.015528
3600,1,0.310922,0.696779,1.007701
3600,1,0.312535,0.686855,0.999390
