size,processes,read,SCC,elapsed
3600,1,0.312707,0.687149,0.999856
3600,1,0.313099,0.691872,1.004971
3600,1,0.310570,0.678733,0.989303
3600,1,0.313412,0.687911,1.001323
3600,1,0.314803,0.679837,0.994640
3600,1,0.311929,0.686282,0.998211
3600,1,0.312748,0.682020,0.994768
3600,1,0.314134,0.692430,1.006564
3600,1,0.312085,0.684176,0.996261
3600,1,0.312411,0.684344,0.996755
