size,processes,read,SCC,elapsed
3600,0,1.111664,0.690199,1.801863
3600,0,1.108124,0.679431,1.787555
3600,0,1.199962,0.685060,1.885022
