size,processes,read,SCC,elapsed
3600,8,0.143049,2.812458,2.955507
3600,8,0.147442,3.298696,3.446138
3600,8,0.117464,3.161330,3.278794
