size,processes,read,SCC,elapsed
3600,2,0.160733,1.081709,1.242442
3600,2,0.155850,1.076719,1.232569
3600,2,0.156620,1.056254,1.212874
