size,processes,read,SCC,elapsed
3600,4,0.146683,1.554480,1.701163
3600,4,0.140985,1.628451,1.769436
3600,4,0.151918,1.617976,1.769894
3600,4,0.147864,1.615484,1.763348
3600,4,0.142977,1.709776,1.852753
3600,4,0.142208,1.642553,1.784761
3600,4,0.148556,1.621856,1.770412
3600,4,0.165486,1.600111,1.765597
3600,4,0.146865,1.635553,1.782418
3600,4,0.141945,1.687638,1.829583
