size,processes,read,SCC,elapsed
3600,8,0.268992,3.922497,4.191489
3600,8,0.259993,4.182020,4.442013
3600,8,0.235967,3.287092,3.523059
3600,8,0.237342,3.716996,3.954338
3600,8,0.223637,3.637933,3.861570
3600,8,0.193300,3.590953,3.784253
3600,8,0.197371,3.656814,3.854185
3600,8,0.225504,3.630908,3.856412
3600,8,0.227800,3.764662,3.992462
3600,8,0.240144,3.605754,3.845898
