size,processes,read,SCC,elapsed
3600,1,0.528191,0.885064,1.413255
3600,1,0.528180,0.871412,1.399592
3600,1,0.522620,0.885662,1.408282
