size,processes,read,SCC,elapsed
3600,4,0.317864,2.087383,2.405247
3600,4,0.137282,1.687519,1.824801
3600,4,0.143458,1.619690,1.763148
