size,processes,read,SCC,elapsed
3600,8,0.266103,3.441914,3.708017
3600,8,0.187074,3.556995,3.744069
3600,8,0.197030,3.668616,3.865646
