size,processes,read,SCC,elapsed
3600,0,1.334660,0.871262,2.205922
3600,0,1.339669,0.880657,2.220326
3600,0,1.341142,0.875326,2.216468
