size,processes,read,SCC,elapsed
3600,2,0.265689,1.409065,1.674754
3600,2,0.264752,1.409988,1.674740
3600,2,0.265127,1.424444,1.689571
