, Version  , Processes , ReadFromFile ,   SCC    , Elapsed  , Speedup , Efficiency ,
,  Serial  ,     1     ,   60.05434   , 90.82746 , 150.8818 ,   1.0   ,    1.0     ,
, Parallel ,     1     ,   24.96649   , 56.23393 , 81.20042 , 1.85814 ,  1.85814   ,
, Parallel ,     2     ,   12.96192   , 36.79249 , 49.7544  , 3.03253 ,  1.51627   ,
, Parallel ,     4     ,   8.97355    , 28.14037 , 37.11392 , 4.06537 ,  1.01634   ,
, Parallel ,     8     ,   5.05244    , 49.12406 , 54.1765  ,  2.785  ,  0.34813   ,
, Parallel ,     16    ,   3.23955    , 45.15325 , 48.3928  , 3.11786 ,  0.19487   ,