size,processes,read,SCC,elapsed
1600,2,12.964908,36.759002,49.723910
1600,2,12.938245,36.839441,49.777686
1600,2,12.982592,36.779013,49.761606
