size,processes,read,SCC,elapsed
1600,1,24.978479,56.304454,81.282934
1600,1,24.987545,56.115906,81.103451
1600,1,24.933444,56.281442,81.214887
