size,processes,read,SCC,elapsed
1600,16,3.290450,45.893580,49.184030
1600,16,3.143658,45.916546,49.060204
1600,16,3.284540,43.649611,46.934152
