size,processes,read,SCC,elapsed
1600,0,59.359564,89.523417,148.882984
1600,0,61.242212,93.428350,154.670565
1600,0,59.561235,89.530601,149.091840
