size,processes,read,SCC,elapsed
1600,4,9.457123,26.750940,36.208064
1600,4,9.019901,27.876617,36.896518
1600,4,8.443619,29.793564,38.237184
