size,processes,read,SCC,elapsed
1600,8,4.789474,49.332845,54.122319
1600,8,5.106096,49.270604,54.376701
1600,8,5.261741,48.768740,54.030481
