size,processes,read,SCC,elapsed
400,8,0.036436,0.073963,0.110399
400,8,0.051810,0.057914,0.109724
400,8,0.040179,0.152395,0.192574
