size,processes,read,SCC,elapsed
400,2,0.003501,0.024322,0.027823
400,2,0.003440,0.024004,0.027444
400,2,0.003396,0.025865,0.029261
400,2,0.003786,0.026313,0.030099
400,2,0.003467,0.025168,0.028635
400,2,0.004012,0.024725,0.028737
400,2,0.003445,0.025651,0.029096
400,2,0.003431,0.023681,0.027112
400,2,0.004093,0.026900,0.030993
400,2,0.003585,0.024415,0.028000
