size,processes,read,SCC,elapsed
400,8,0.064821,0.080771,0.145592
400,8,0.052677,0.063257,0.115934
400,8,0.058041,0.105058,0.163099
400,8,0.073988,0.095131,0.169119
400,8,0.063287,0.042662,0.105949
400,8,0.076759,0.043211,0.119970
400,8,0.022215,0.069369,0.091584
400,8,0.062939,0.059465,0.122404
400,8,0.066365,0.083098,0.149463
400,8,0.086697,0.080676,0.167373
