size,processes,read,SCC,elapsed
400,1,0.006653,0.015556,0.022209
400,1,0.006851,0.016177,0.023028
400,1,0.006550,0.016795,0.023345
