size,processes,read,SCC,elapsed
400,2,0.003500,0.045246,0.048746
400,2,0.003630,0.045531,0.049161
400,2,0.003449,0.046330,0.049779
