size,processes,read,SCC,elapsed
400,4,0.001967,0.025485,0.027452
400,4,0.002699,0.032310,0.035009
400,4,0.002139,0.026006,0.028145
