size,processes,read,SCC,elapsed
400,4,0.002000,0.026311,0.028311
400,4,0.002617,0.028414,0.031031
400,4,0.002000,0.026816,0.028816
400,4,0.002180,0.037502,0.039682
400,4,0.002094,0.034134,0.036228
400,4,0.001995,0.029920,0.031915
400,4,0.001928,0.030439,0.032367
400,4,0.001932,0.027902,0.029834
400,4,0.002028,0.037421,0.039449
400,4,0.002024,0.040706,0.042730
