size,processes,read,SCC,elapsed
400,0,0.016197,0.016850,0.033047
400,0,0.016265,0.015619,0.031884
400,0,0.016882,0.016352,0.033234
