size,processes,read,SCC,elapsed
3200,4,0.183253,1.823561,2.006814
3200,4,0.205158,1.697868,1.903026
3200,4,0.183067,1.826679,2.009746
3200,4,0.240673,2.061340,2.302013
3200,4,0.168983,1.590253,1.759236
3200,4,0.449733,2.528344,2.978077
3200,4,0.230412,1.999102,2.229514
3200,4,0.193967,1.983748,2.177715
3200,4,0.197766,1.750520,1.948286
3200,4,0.192741,1.768070,1.960811
