size,processes,read,SCC,elapsed
3200,2,0.367248,1.794875,2.162123
3200,2,0.323913,1.693770,2.017683
3200,2,0.324637,1.693539,2.018176
