size,processes,read,SCC,elapsed
3200,4,0.173170,1.479526,1.652696
3200,4,0.196590,1.518428,1.715018
3200,4,0.185683,1.478221,1.663904
