size,processes,read,SCC,elapsed
3200,1,0.659856,1.399452,2.059308
3200,1,0.649393,1.407853,2.057246
3200,1,0.657283,1.404048,2.061331
3200,1,0.659661,1.395015,2.054676
3200,1,0.657592,1.390703,2.048295
3200,1,0.707590,1.400919,2.108509
3200,1,0.662441,1.393894,2.056335
3200,1,0.658219,1.400079,2.058298
3200,1,0.652291,1.388393,2.040684
3200,1,0.649569,1.398405,2.047974
