size,processes,read,SCC,elapsed
3200,0,1.342560,1.383210,2.725770
3200,0,1.299345,1.388861,2.688206
3200,0,1.302416,1.388234,2.690650
3200,0,1.315620,1.407104,2.722724
3200,0,1.295799,1.393018,2.688817
3200,0,1.310672,1.403036,2.713708
3200,0,1.300183,1.396930,2.697113
3200,0,1.305762,1.381415,2.687177
3200,0,1.300918,1.399677,2.700595
3200,0,1.300408,1.382238,2.682646
