size,processes,read,SCC,elapsed
3200,8,0.296719,2.050745,2.347464
3200,8,0.270474,2.013748,2.284222
3200,8,0.244266,1.986209,2.230475
