size,processes,read,SCC,elapsed
3200,1,0.653941,1.404713,2.058654
3200,1,0.668182,1.443775,2.111957
3200,1,0.659422,1.420191,2.079613
