size,processes,read,SCC,elapsed
3200,2,0.328269,1.702313,2.030582
3200,2,0.324591,1.729144,2.053735
3200,2,0.329337,1.704498,2.033835
3200,2,0.325417,1.680812,2.006229
3200,2,0.325422,1.679268,2.004690
3200,2,0.364456,1.775373,2.139829
3200,2,0.380507,2.081348,2.461855
3200,2,0.332690,1.900940,2.233630
3200,2,0.325153,1.687039,2.012192
3200,2,0.324595,1.684547,2.009142
