size,processes,read,SCC,elapsed
3200,0,1.293022,1.389663,2.682685
3200,0,1.297635,1.390115,2.687750
3200,0,1.350132,1.373806,2.723938
