size,processes,read,SCC,elapsed
2400,2,0.116135,0.843658,0.959793
2400,2,0.117127,0.850643,0.967770
2400,2,0.117779,0.830269,0.948048
