size,processes,read,SCC,elapsed
2400,4,0.061202,0.949432,1.010634
2400,4,0.063339,0.912254,0.975593
2400,4,0.061256,0.943923,1.005179
2400,4,0.062865,0.963594,1.026459
2400,4,0.060855,0.786382,0.847237
2400,4,0.061789,0.940731,1.002520
2400,4,0.061825,0.932620,0.994445
2400,4,0.061539,0.943191,1.004730
2400,4,0.063327,0.957439,1.020766
2400,4,0.064318,0.982920,1.047238
