size,processes,read,SCC,elapsed
2400,8,0.112061,2.225387,2.337448
2400,8,0.131324,2.409475,2.540799
2400,8,0.137739,2.141527,2.279266
