size,processes,read,SCC,elapsed
2400,1,0.231586,0.599792,0.831378
2400,1,0.231712,0.606263,0.837975
2400,1,0.233822,0.615685,0.849507
