size,processes,read,SCC,elapsed
2400,0,0.595273,0.595180,1.190453
2400,0,0.593555,0.603183,1.196738
2400,0,0.593018,0.597802,1.190820
