size,processes,read,SCC,elapsed
2400,1,0.234769,0.607327,0.842096
2400,1,0.233700,0.599365,0.833065
2400,1,0.233058,0.596856,0.829914
2400,1,0.233121,0.599898,0.833019
2400,1,0.233950,0.606033,0.839983
2400,1,0.233789,0.596770,0.830559
2400,1,0.233454,0.600120,0.833574
2400,1,0.235361,0.598837,0.834198
2400,1,0.234710,0.610569,0.845279
2400,1,0.234137,0.599389,0.833526
