size,processes,read,SCC,elapsed
2400,4,0.061157,0.910900,0.972057
2400,4,0.084649,1.039472,1.124121
2400,4,0.069663,0.973155,1.042818
