size,processes,read,SCC,elapsed
2000,0,0.413531,0.267853,0.681384
2000,0,0.415701,0.265694,0.681395
2000,0,0.415350,0.270981,0.686331
2000,0,0.414646,0.274540,0.689186
2000,0,0.414375,0.270636,0.685011
2000,0,0.413622,0.275590,0.689212
2000,0,0.411188,0.272401,0.683589
2000,0,0.414264,0.274426,0.688690
2000,0,0.414785,0.274535,0.689320
2000,0,0.414222,0.268958,0.683180
