size,processes,read,SCC,elapsed
2000,4,0.046295,0.521011,0.567306
2000,4,0.049862,0.520257,0.570119
2000,4,0.046321,0.534996,0.581317
2000,4,0.044415,0.529371,0.573786
2000,4,0.045252,0.589027,0.634279
2000,4,0.043545,0.517611,0.561156
2000,4,0.045563,0.545161,0.590724
2000,4,0.049453,0.538240,0.587693
2000,4,0.042273,0.520608,0.562881
2000,4,0.046094,0.524166,0.570260
