size,processes,read,SCC,elapsed
2000,0,0.410432,0.271406,0.681838
2000,0,0.411199,0.272261,0.683460
2000,0,0.412354,0.274979,0.687333
