size,processes,read,SCC,elapsed
2000,2,0.080793,0.452434,0.533227
2000,2,0.080580,0.452293,0.532873
2000,2,0.081213,0.445104,0.526317
2000,2,0.081094,0.459808,0.540902
2000,2,0.081531,0.442462,0.523993
2000,2,0.080620,0.450020,0.530640
2000,2,0.080676,0.449292,0.529968
2000,2,0.081278,0.445524,0.526802
2000,2,0.082782,0.458012,0.540794
2000,2,0.080952,0.446129,0.527081
