size,processes,read,SCC,elapsed
2000,8,0.110507,1.074607,1.185114
2000,8,0.122202,1.175888,1.298090
2000,8,0.108371,1.182560,1.290931
