size,processes,read,SCC,elapsed
2000,2,0.080551,0.453381,0.533932
2000,2,0.080500,0.466940,0.547440
2000,2,0.081597,0.456761,0.538358
