size,processes,read,SCC,elapsed
2000,4,0.047785,0.686412,0.734197
2000,4,0.044379,0.615509,0.659888
2000,4,0.058445,0.594116,0.652561
