size,processes,read,SCC,elapsed
2000,1,0.163332,0.279058,0.442390
2000,1,0.170142,0.275648,0.445790
2000,1,0.161714,0.275540,0.437254
