size,processes,read,SCC,elapsed
400,1,0.004104,0.021250,0.025354
400,1,0.004038,0.008271,0.012309
400,1,0.004052,0.008457,0.012509
400,1,0.004400,0.008044,0.012444
400,1,0.004043,0.008331,0.012374
400,1,0.003997,0.007993,0.011990
400,1,0.004036,0.008390,0.012426
400,1,0.004153,0.007862,0.012015
400,1,0.004021,0.008083,0.012104
400,1,0.004055,0.007660,0.011715
