size,processes,read,SCC,elapsed
400,1,0.004115,0.007900,0.012015
400,1,0.004045,0.008120,0.012165
400,1,0.004074,0.008290,0.012364
