size,processes,read,SCC,elapsed
400,2,0.002157,0.014896,0.017053
400,2,0.002224,0.018593,0.020817
400,2,0.002146,0.014491,0.016637
