size,processes,read,SCC,elapsed
400,0,0.013755,0.007888,0.021643
400,0,0.014238,0.007768,0.022006
400,0,0.013737,0.008027,0.021764
400,0,0.013795,0.007727,0.021522
400,0,0.013785,0.008171,0.021956
400,0,0.013765,0.007724,0.021489
400,0,0.014148,0.007707,0.021855
400,0,0.013820,0.007879,0.021699
400,0,0.013746,0.008059,0.021805
400,0,0.013979,0.007714,0.021693
