size,processes,read,SCC,elapsed
400,8,0.060737,0.091662,0.152399
400,8,0.054552,0.028141,0.082693
400,8,0.034721,0.026328,0.061049
