size,processes,read,SCC,elapsed
400,0,0.013689,0.007841,0.021530
400,0,0.013702,0.008122,0.021824
400,0,0.014052,0.007809,0.021861
