size,processes,read,SCC,elapsed
400,4,0.001278,0.021131,0.022409
400,4,0.001327,0.025275,0.026602
400,4,0.001409,0.019494,0.020903
