size,processes,read,SCC,elapsed
2000,2,0.114347,0.604705,0.719052
2000,2,0.117389,0.615409,0.732798
2000,2,0.114522,0.653696,0.768218
