size,processes,read,SCC,elapsed
2000,8,0.132487,0.763146,0.895633
2000,8,0.102454,0.854461,0.956915
2000,8,0.113977,1.058666,1.172643
