size,processes,read,SCC,elapsed
2000,1,0.230463,0.508966,0.739429
2000,1,0.229795,0.510431,0.740226
2000,1,0.230578,0.505444,0.736022
