size,processes,read,SCC,elapsed
2000,4,0.062592,0.624468,0.687060
2000,4,0.061040,0.533261,0.594301
2000,4,0.060779,0.529889,0.590668
