size,processes,read,SCC,elapsed
2000,0,0.493008,0.515194,1.008202
2000,0,0.491965,0.506480,0.998445
2000,0,0.493848,0.507795,1.001643
