size,processes,read,SCC,elapsed
3600,2,0.156668,0.827272,0.983940
3600,2,0.158261,0.841654,0.999915
3600,2,0.156202,0.814270,0.970472
