size,processes,read,SCC,elapsed
3600,8,0.190818,2.203765,2.394583
3600,8,0.120250,2.479776,2.600026
3600,8,0.144139,2.170338,2.314477
