size,processes,read,SCC,elapsed
3600,4,0.083450,1.072108,1.155558
3600,4,0.083685,1.081483,1.165168
3600,4,0.082096,1.089781,1.171877
