size,processes,read,SCC,elapsed
3600,1,0.327146,0.453688,0.780834
3600,1,0.309862,0.442230,0.752092
3600,1,0.362498,0.448415,0.810913
