size,processes,read,SCC,elapsed
3600,0,1.113199,0.437702,1.550901
3600,0,1.109265,0.439783,1.549048
3600,0,1.254283,0.519212,1.773495
