size,processes,read,SCC,elapsed
3600,4,0.094459,1.069271,1.163730
3600,4,0.096345,1.128127,1.224472
3600,4,0.087374,1.063216,1.150590
3600,4,0.098493,1.065454,1.163947
3600,4,0.084523,1.089812,1.174335
3600,4,0.088396,1.111193,1.199589
3600,4,0.084941,1.084534,1.169475
3600,4,0.095651,1.219547,1.315198
3600,4,0.086185,1.068123,1.154308
3600,4,0.088458,1.090478,1.178936
