size,processes,read,SCC,elapsed
800,8,0.128263,0.201519,0.329782
800,8,0.058787,0.155416,0.214203
800,8,0.082496,0.170346,0.252842
