size,processes,read,SCC,elapsed
800,4,0.005245,0.056738,0.061983
800,4,0.004812,0.056289,0.061101
800,4,0.004221,0.059043,0.063264
