size,processes,read,SCC,elapsed
800,0,0.054498,0.022831,0.077329
800,0,0.055484,0.021970,0.077454
800,0,0.055664,0.022551,0.078215
