size,processes,read,SCC,elapsed
800,2,0.007996,0.046580,0.054576
800,2,0.007979,0.049743,0.057722
800,2,0.007935,0.048879,0.056814
