size,processes,read,SCC,elapsed
800,1,0.016591,0.025042,0.041633
800,1,0.015591,0.023714,0.039305
800,1,0.016501,0.023392,0.039893
