size,processes,read,SCC,elapsed
800,1,0.015789,0.022093,0.037882
800,1,0.015559,0.023009,0.038568
800,1,0.015480,0.024000,0.039480
800,1,0.015516,0.021200,0.036716
800,1,0.015375,0.021832,0.037207
800,1,0.015345,0.022308,0.037653
800,1,0.015314,0.023032,0.038346
800,1,0.015601,0.021540,0.037141
800,1,0.015583,0.021174,0.036757
800,1,0.015471,0.022595,0.038066
