size,processes,read,SCC,elapsed
800,4,0.004191,0.062632,0.066823
800,4,0.004163,0.055548,0.059711
800,4,0.004324,0.062075,0.066399
800,4,0.004290,0.057059,0.061349
800,4,0.004137,0.059432,0.063569
800,4,0.004273,0.057759,0.062032
800,4,0.004369,0.060821,0.065190
800,4,0.004490,0.055245,0.059735
800,4,0.004139,0.068833,0.072972
800,4,0.004210,0.058925,0.063135
