size,processes,read,SCC,elapsed
1200,8,0.097253,0.422730,0.519983
1200,8,0.096664,0.387112,0.483776
1200,8,0.079594,0.390884,0.470478
