size,processes,read,SCC,elapsed
1200,1,0.091015,0.301968,0.392983
1200,1,0.091648,0.303858,0.395506
1200,1,0.091772,0.301230,0.393002
