size,processes,read,SCC,elapsed
1200,0,0.182699,0.296244,0.478943
1200,0,0.182362,0.297887,0.480249
1200,0,0.181738,0.293652,0.475390
