size,processes,read,SCC,elapsed
1200,2,0.046004,0.331244,0.377248
1200,2,0.048562,0.326098,0.374660
1200,2,0.046181,0.327369,0.373550
1200,2,0.046580,0.327875,0.374455
1200,2,0.047675,0.330521,0.378196
1200,2,0.046244,0.332813,0.379057
1200,2,0.046561,0.331929,0.378490
1200,2,0.047573,0.338464,0.386037
1200,2,0.045999,0.329650,0.375649
1200,2,0.047540,0.339702,0.387242
