size,processes,read,SCC,elapsed
1200,4,0.025046,0.284360,0.309406
1200,4,0.025315,0.337491,0.362806
1200,4,0.026704,0.289820,0.316524
