size,processes,read,SCC,elapsed
1200,2,0.047944,0.345601,0.393545
1200,2,0.047503,0.398855,0.446358
1200,2,0.046658,0.371054,0.417712
