size,processes,read,SCC,elapsed
1200,8,0.116451,0.461059,0.577510
1200,8,0.097973,0.412732,0.510705
1200,8,0.086710,0.428555,0.515265
1200,8,0.112104,0.471752,0.583856
1200,8,0.096919,0.466389,0.563308
1200,8,0.079956,0.406260,0.486216
1200,8,0.087196,0.401098,0.488294
1200,8,0.077183,0.437775,0.514958
1200,8,0.108266,0.450107,0.558373
1200,8,0.080724,0.419765,0.500489
