size,processes,read,SCC,elapsed
800,1,0.650890,1.255840,1.906730
800,1,0.575520,1.147535,1.723055
800,1,0.935955,1.289774,2.225730
