size,processes,read,SCC,elapsed
800,0,0.992424,0.741449,1.733873
800,0,1.561078,0.743125,2.304203
800,0,1.212085,0.744684,1.956769
