size,processes,read,SCC,elapsed
800,8,0.687988,4.606077,5.294065
800,8,0.979550,4.516585,5.496135
800,8,0.870002,4.986533,5.856535
