size,processes,read,SCC,elapsed
800,4,0.984922,3.246223,4.231145
800,4,3.364261,3.544742,6.909003
800,4,1.102884,4.110851,5.213734
