size,processes,read,SCC,elapsed
800,16,0.744253,4.192010,4.936263
800,16,0.570410,4.489042,5.059452
800,16,0.590458,2.896134,3.486592
