size,processes,read,SCC,elapsed
800,2,1.307765,1.824980,3.132744
800,2,0.787080,2.851346,3.638426
800,2,1.228420,2.277477,3.505898
