size,processes,read,SCC,elapsed
800,4,0.011094,0.094743,0.105837
800,4,0.011621,0.094252,0.105873
800,4,0.012165,0.094083,0.106248
