size,processes,read,SCC,elapsed
800,4,0.012903,0.107025,0.119928
800,4,0.011130,0.118311,0.129441
800,4,0.011746,0.092688,0.104434
800,4,0.011597,0.089146,0.100743
800,4,0.011617,0.094667,0.106284
800,4,0.012549,0.087897,0.100446
800,4,0.010611,0.097024,0.107635
800,4,0.012109,0.089446,0.101555
800,4,0.020575,0.089180,0.109755
800,4,0.012017,0.092654,0.104671
