size,processes,read,SCC,elapsed
800,8,0.098254,0.124500,0.222754
800,8,0.091361,0.174559,0.265920
800,8,0.053142,0.146970,0.200112
