size,processes,read,SCC,elapsed
800,1,0.041137,0.089264,0.130401
800,1,0.041647,0.089361,0.131008
800,1,0.040931,0.089550,0.130481
800,1,0.040736,0.087129,0.127865
800,1,0.040899,0.091116,0.132015
800,1,0.040957,0.091254,0.132211
800,1,0.041094,0.090756,0.131850
800,1,0.040733,0.089204,0.129937
800,1,0.041083,0.091626,0.132709
800,1,0.040645,0.091232,0.131877
