size,processes,read,SCC,elapsed
800,0,0.081083,0.088409,0.169492
800,0,0.081956,0.085419,0.167375
800,0,0.081340,0.089919,0.171259
