size,processes,read,SCC,elapsed
800,1,0.040595,0.087336,0.127931
800,1,0.040388,0.095885,0.136273
800,1,0.042177,0.089702,0.131879
