size,processes,read,SCC,elapsed
800,2,0.020605,0.111904,0.132509
800,2,0.020597,0.109593,0.130190
800,2,0.020392,0.108834,0.129226
