size,processes,read,SCC,elapsed
3200,4,0.074889,1.161245,1.236134
3200,4,0.067512,1.127037,1.194549
3200,4,0.067251,1.161012,1.228263
