size,processes,read,SCC,elapsed
3200,0,0.881574,0.541907,1.423481
3200,0,0.883251,0.541389,1.424640
3200,0,0.879282,0.537364,1.416646
3200,0,0.881458,0.545444,1.426902
3200,0,0.882734,0.553132,1.435866
3200,0,0.890881,0.538922,1.429803
3200,0,0.881540,0.538857,1.420397
3200,0,0.882478,0.542884,1.425362
3200,0,0.877900,0.535007,1.412907
3200,0,0.878245,0.540761,1.419006
