size,processes,read,SCC,elapsed
3200,2,0.123479,0.836023,0.959502
3200,2,0.124804,0.857660,0.982464
3200,2,0.122969,0.863240,0.986209
3200,2,0.124154,0.858294,0.982448
3200,2,0.123125,0.864386,0.987511
3200,2,0.123806,0.872097,0.995903
3200,2,0.123264,0.851036,0.974300
3200,2,0.123746,0.848654,0.972400
3200,2,0.123244,0.832046,0.955290
3200,2,0.123364,0.848665,0.972029
