size,processes,read,SCC,elapsed
3200,8,0.120593,2.120277,2.240870
3200,8,0.152807,2.591716,2.744523
3200,8,0.152817,2.591112,2.743929
3200,8,0.111544,2.584061,2.695605
3200,8,0.113833,2.601785,2.715618
3200,8,0.147536,2.715963,2.863499
3200,8,0.121210,2.789597,2.910807
3200,8,0.136752,2.612819,2.749571
3200,8,0.139324,2.766145,2.905469
3200,8,0.149562,2.685628,2.835190
