size,processes,read,SCC,elapsed
3200,0,0.879555,0.566983,1.446538
3200,0,0.879705,0.542950,1.422655
3200,0,0.883878,0.545524,1.429402
