size,processes,read,SCC,elapsed
3200,2,0.123859,0.805972,0.929831
3200,2,0.124818,1.064391,1.189209
3200,2,0.123883,0.875420,0.999303
