size,processes,read,SCC,elapsed
3200,8,0.152818,2.927861,3.080679
3200,8,0.143977,2.643543,2.787520
3200,8,0.127144,2.663689,2.790833
