size,processes,read,SCC,elapsed
3200,1,0.250508,0.554275,0.804783
3200,1,0.250773,0.556831,0.807604
3200,1,0.247825,0.559098,0.806923
