size,processes,read,SCC,elapsed
1200,0,0.149601,0.144509,0.294110
1200,0,0.147395,0.148728,0.296123
1200,0,0.149379,0.148708,0.298087
1200,0,0.149416,0.145369,0.294785
1200,0,0.149455,0.147084,0.296539
1200,0,0.148505,0.148276,0.296781
1200,0,0.149280,0.147990,0.297270
1200,0,0.148240,0.145643,0.293883
1200,0,0.149579,0.148529,0.298108
1200,0,0.148767,0.148360,0.297127
