size,processes,read,SCC,elapsed
1200,8,0.052602,0.525035,0.577637
1200,8,0.091996,0.554296,0.646292
1200,8,0.062042,0.534052,0.596094
