size,processes,read,SCC,elapsed
1200,0,0.148945,0.150298,0.299243
1200,0,0.148908,0.149253,0.298161
1200,0,0.148780,0.150686,0.299466
