size,processes,read,SCC,elapsed
1200,4,0.016626,0.254558,0.271184
1200,4,0.015159,0.235476,0.250635
1200,4,0.015576,0.252577,0.268153
