size,processes,read,SCC,elapsed
1200,4,0.016224,0.244859,0.261083
1200,4,0.015428,0.238657,0.254085
1200,4,0.014922,0.242286,0.257208
1200,4,0.015983,0.244575,0.260558
1200,4,0.015130,0.244218,0.259348
1200,4,0.016175,0.238971,0.255146
1200,4,0.016330,0.265950,0.282280
1200,4,0.015869,0.234467,0.250336
1200,4,0.015493,0.236139,0.251632
1200,4,0.017041,0.259689,0.276730
