size,processes,read,SCC,elapsed
1200,8,0.102652,0.681819,0.784471
1200,8,0.136460,0.759857,0.896317
1200,8,0.064668,0.539009,0.603677
1200,8,0.074634,0.497197,0.571831
1200,8,0.073426,0.557911,0.631337
1200,8,0.081799,0.516067,0.597866
1200,8,0.061402,0.547867,0.609269
1200,8,0.089352,0.599320,0.688672
1200,8,0.109296,0.520522,0.629818
1200,8,0.078179,0.560894,0.639073
