size,processes,read,SCC,elapsed
1200,2,0.031226,0.231154,0.262380
1200,2,0.029096,0.218844,0.247940
1200,2,0.029481,0.219030,0.248511
