size,processes,read,SCC,elapsed
1200,1,0.058854,0.151889,0.210743
1200,1,0.058889,0.152626,0.211515
1200,1,0.057937,0.157374,0.215311
