size,processes,read,SCC,elapsed
2000,1,0.255632,0.831699,1.087331
2000,1,0.258671,0.843464,1.102135
2000,1,0.254164,0.865335,1.119499
