size,processes,read,SCC,elapsed
2000,2,0.126772,0.923108,1.049880
2000,2,0.129330,0.948879,1.078209
2000,2,0.126882,0.906977,1.033859
