size,processes,read,SCC,elapsed
2000,4,0.065171,0.789431,0.854602
2000,4,0.069250,0.887204,0.956454
2000,4,0.068401,0.784213,0.852614
