size,processes,read,SCC,elapsed
2000,8,0.169117,1.263742,1.432859
2000,8,0.138294,1.327413,1.465707
2000,8,0.123769,1.301956,1.425725
2000,8,0.136396,1.474736,1.611132
2000,8,0.106417,1.376300,1.482717
2000,8,0.156386,1.240321,1.396707
2000,8,0.140271,1.383637,1.523908
2000,8,0.129262,1.245705,1.374967
2000,8,0.128435,1.189225,1.317660
2000,8,0.114169,1.476992,1.591161
