size,processes,read,SCC,elapsed
2000,8,0.148756,1.103508,1.252264
2000,8,0.154026,1.139524,1.293550
2000,8,0.104997,1.205090,1.310087
