size,processes,read,SCC,elapsed
2000,0,0.509197,0.835577,1.344774
2000,0,0.507892,0.831468,1.339360
2000,0,0.506859,0.833575,1.340434
