size,processes,read,SCC,elapsed
2000,1,0.255595,0.844297,1.099892
2000,1,0.260342,0.834375,1.094717
2000,1,0.256867,0.844970,1.101837
2000,1,0.256766,0.837100,1.093866
2000,1,0.254928,0.845493,1.100421
2000,1,0.260096,0.834722,1.094818
2000,1,0.255979,0.841934,1.097913
2000,1,0.257733,0.834630,1.092363
2000,1,0.256366,0.860819,1.117185
2000,1,0.257327,0.848575,1.105902
