size,processes,read,SCC,elapsed
4000,8,0.329276,4.761189,5.090465
4000,8,0.391241,5.267864,5.659105
4000,8,0.489877,5.468978,5.958855
