size,processes,read,SCC,elapsed
4000,1,1.013865,3.418424,4.432289
4000,1,1.036134,3.488296,4.524430
4000,1,1.017376,3.400412,4.417788
4000,1,1.012124,3.456466,4.468590
4000,1,1.014766,3.411792,4.426558
4000,1,1.014097,3.413400,4.427497
4000,1,1.012385,3.449317,4.461702
4000,1,1.046453,3.458111,4.504564
4000,1,1.018505,3.447360,4.465865
4000,1,1.017761,3.412639,4.430400
