size,processes,read,SCC,elapsed
4000,4,0.331203,3.836561,4.167764
4000,4,0.316344,3.597123,3.913467
4000,4,0.468959,4.073492,4.542451
