size,processes,read,SCC,elapsed
4000,8,0.362812,4.809980,5.172792
4000,8,0.401847,4.856037,5.257884
4000,8,0.340047,4.713500,5.053547
4000,8,0.381226,4.605419,4.986645
4000,8,0.368364,4.730628,5.098992
4000,8,0.349191,4.654641,5.003832
4000,8,0.397245,4.716782,5.114027
4000,8,0.358299,4.762899,5.121198
4000,8,0.361836,4.944476,5.306312
4000,8,0.379800,5.221665,5.601465
