size,processes,read,SCC,elapsed
4000,1,1.018387,3.421504,4.439891
4000,1,1.018721,3.435618,4.454339
4000,1,1.019399,3.475399,4.494798
