size,processes,read,SCC,elapsed
4000,0,2.026765,3.390944,5.417709
4000,0,2.025454,3.418775,5.444229
4000,0,2.020371,3.391080,5.411451
