size,processes,read,SCC,elapsed
4000,2,0.504227,3.614407,4.118634
4000,2,0.505349,3.651572,4.156921
4000,2,0.520072,4.016081,4.536153
