size,processes,read,SCC,elapsed
2000,1,0.229210,0.507763,0.736973
2000,1,0.229450,0.508019,0.737469
2000,1,0.228761,0.502817,0.731578
