size,processes,read,SCC,elapsed
2000,2,0.114411,0.606536,0.720947
2000,2,0.115120,0.601003,0.716123
2000,2,0.114488,0.624485,0.738973
