size,processes,read,SCC,elapsed
2000,8,0.174804,0.795343,0.970147
2000,8,0.118904,0.771619,0.890523
2000,8,0.160833,0.743498,0.904331
2000,8,0.129476,0.741473,0.870949
2000,8,0.088581,0.734057,0.822638
2000,8,0.096407,0.866128,0.962535
2000,8,0.123961,0.744158,0.868119
2000,8,0.087633,0.724612,0.812245
2000,8,0.131792,0.723475,0.855267
2000,8,0.159992,0.712037,0.872029
