size,processes,read,SCC,elapsed
2000,0,0.492477,0.503651,0.996128
2000,0,0.492476,0.503642,0.996118
2000,0,0.496500,0.500093,0.996593
