size,processes,read,SCC,elapsed
2000,0,0.492056,0.502543,0.994599
2000,0,0.485854,0.503686,0.989540
2000,0,0.489305,0.494854,0.984159
2000,0,0.494665,0.500582,0.995247
2000,0,0.492230,0.506540,0.998770
2000,0,0.512836,0.498645,1.011481
2000,0,0.498575,0.504547,1.003122
2000,0,0.491648,0.504958,0.996606
2000,0,0.491791,0.498651,0.990442
2000,0,0.490750,0.504270,0.995020
