size,processes,read,SCC,elapsed
2000,1,0.228908,0.500514,0.729422
2000,1,0.229530,0.500048,0.729578
2000,1,0.229295,0.501117,0.730412
2000,1,0.230236,0.510008,0.740244
2000,1,0.229262,0.506970,0.736232
2000,1,0.228114,0.504193,0.732307
2000,1,0.230312,0.509056,0.739368
2000,1,0.230758,0.498766,0.729524
2000,1,0.229957,0.516697,0.746654
2000,1,0.230356,0.503610,0.733966
