size,processes,read,SCC,elapsed
2000,4,0.063451,0.536010,0.599461
2000,4,0.062629,0.533496,0.596125
2000,4,0.062338,0.527078,0.589416
2000,4,0.062282,0.642423,0.704705
2000,4,0.061697,0.580911,0.642608
2000,4,0.064521,0.573289,0.637810
2000,4,0.064875,0.552711,0.617586
2000,4,0.070604,0.546746,0.617350
2000,4,0.065393,0.551259,0.616652
2000,4,0.065974,0.619524,0.685498
