size,processes,read,SCC,elapsed
2000,4,0.059049,0.524413,0.583462
2000,4,0.070588,0.516278,0.586866
2000,4,0.060359,0.527943,0.588302
