size,processes,read,SCC,elapsed
2000,2,0.114292,0.602228,0.716520
2000,2,0.114776,0.606969,0.721745
2000,2,0.114102,0.611011,0.725113
2000,2,0.114521,0.607420,0.721941
2000,2,0.114042,0.604831,0.718873
2000,2,0.114397,0.606682,0.721079
2000,2,0.114064,0.604524,0.718588
2000,2,0.114507,0.610174,0.724681
2000,2,0.114822,0.601961,0.716783
2000,2,0.114733,0.610452,0.725185
