size,processes,read,SCC,elapsed
2000,8,0.113795,0.913547,1.027342
2000,8,0.189071,1.025483,1.214554
2000,8,0.087580,0.744210,0.831790
