size,processes,read,SCC,elapsed
400,8,0.647839,0.876372,1.524211
400,8,0.763567,0.836278,1.599845
400,8,0.654388,0.987289,1.641677
