size,processes,read,SCC,elapsed
400,2,1.143526,1.675839,2.819365
400,2,1.024367,1.783643,2.808010
400,2,1.236748,1.893762,3.130510
