size,processes,read,SCC,elapsed
400,16,0.492466,0.740803,1.233269
400,16,0.511748,0.726635,1.238383
400,16,0.610347,0.685635,1.295983
