size,processes,read,SCC,elapsed
400,0,1.518133,1.002039,1.520172
400,0,1.767111,1.893265,3.660376
400,0,1.728389,1.063913,2.792302
