size,processes,read,SCC,elapsed
400,1,1.544884,2.131511,3.676395
400,1,1.939712,2.000336,3.940048
400,1,1.516583,2.403089,3.919672
