size,processes,read,SCC,elapsed
400,4,1.046378,1.236754,1.458493
400,4,1.287592,2.394450,3.682041
400,4,1.719783,1.094736,2.814519
