, Version  , Processes , ReadFromFile ,   SCC    , Elapsed  , Speedup , Efficiency ,
,  Serial  ,     1     ,   16.56085   , 22.03295 , 38.59381 ,   1.0   ,    1.0     ,
, Parallel ,     1     ,   16.01982   , 31.50797 , 47.52779 , 0.81203 ,  0.81203   ,
, Parallel ,     2     ,   16.42307   , 48.19608 , 64.61916 , 0.59725 ,  0.29863   ,
, Parallel ,     4     ,   18.0067    , 60.67993 , 78.68663 , 0.49047 ,  0.12262   ,
, Parallel ,     8     ,   8.33371    , 53.43229 ,  61.766  , 0.62484 ,   0.0781   ,
, Parallel ,     16    ,    4.0129    , 46.37105 , 50.38395 , 0.76599 ,  0.04787   ,