size,processes,read,SCC,elapsed
1600,0,16.562548,22.017610,38.580158
1600,0,16.529930,22.040583,38.570513
1600,0,16.590077,22.040668,38.630745
