size,processes,read,SCC,elapsed
1600,16,3.538962,44.876681,48.415643
1600,16,4.427701,46.789746,51.217447
1600,16,4.072046,47.446726,51.518772
