size,processes,read,SCC,elapsed
1600,4,18.002972,63.117995,81.120968
1600,4,18.596664,60.604920,79.201584
1600,4,17.420451,58.316884,75.737335
