size,processes,read,SCC,elapsed
1600,1,16.460899,31.881114,48.342013
1600,1,14.885669,30.157184,45.042853
1600,1,16.712898,32.485614,49.198512
