size,processes,read,SCC,elapsed
1600,2,17.769642,47.084951,64.854593
1600,2,15.450337,51.620369,67.070706
1600,2,16.049235,45.882933,61.932168
