size,processes,read,SCC,elapsed
1600,8,6.221943,58.629717,64.851661
1600,8,8.599716,55.050576,63.650291
1600,8,10.179474,46.616575,56.796049
