size,processes,read,SCC,elapsed
1200,1,0.036587,0.051847,0.088434
1200,1,0.034444,0.050586,0.085030
1200,1,0.034738,0.052308,0.087046
