size,processes,read,SCC,elapsed
1200,2,0.017999,0.118479,0.136478
1200,2,0.017783,0.110837,0.128620
1200,2,0.017978,0.103898,0.121876
1200,2,0.017594,0.106078,0.123672
1200,2,0.017480,0.108975,0.126455
1200,2,0.017556,0.109316,0.126872
1200,2,0.017387,0.099721,0.117108
1200,2,0.017318,0.097162,0.114480
1200,2,0.017708,0.100890,0.118598
1200,2,0.018120,0.099249,0.117369
