size,processes,read,SCC,elapsed
1200,2,0.017522,0.109121,0.126643
1200,2,0.017465,0.103907,0.121372
1200,2,0.017401,0.109425,0.126826
