size,processes,read,SCC,elapsed
1200,0,0.124028,0.049743,0.173771
1200,0,0.124125,0.051129,0.175254
1200,0,0.124516,0.051440,0.175956
1200,0,0.124046,0.052601,0.176647
1200,0,0.123740,0.051026,0.174766
1200,0,0.125075,0.050867,0.175942
1200,0,0.123779,0.049950,0.173729
1200,0,0.124242,0.048451,0.172693
1200,0,0.123947,0.050262,0.174209
1200,0,0.127247,0.051414,0.178661
