size,processes,read,SCC,elapsed
1200,8,0.092944,0.322779,0.415723
1200,8,0.091092,0.330341,0.421433
1200,8,0.047781,0.332700,0.380481
1200,8,0.085585,0.325419,0.411004
1200,8,0.052432,0.324424,0.376856
1200,8,0.067015,0.315498,0.382513
1200,8,0.051130,0.408394,0.459524
1200,8,0.064828,0.309066,0.373894
1200,8,0.059253,0.297210,0.356463
1200,8,0.054347,0.304766,0.359113
