size,processes,read,SCC,elapsed
1200,8,0.085859,0.336577,0.422436
1200,8,0.101954,0.350370,0.452324
1200,8,0.088177,0.318074,0.406251
