size,processes,read,SCC,elapsed
1200,0,0.124592,0.049581,0.174173
1200,0,0.123672,0.049225,0.172897
1200,0,0.124017,0.052433,0.176450
