size,processes,read,SCC,elapsed
1200,4,0.009283,0.121079,0.130362
1200,4,0.010615,0.149761,0.160376
1200,4,0.015169,0.138090,0.153259
