size,processes,read,SCC,elapsed
2800,0,0.805369,0.819616,1.624985
2800,0,0.814065,0.823128,1.637193
2800,0,0.810007,0.823395,1.633402
