size,processes,read,SCC,elapsed
2800,0,0.806734,0.813794,1.620528
2800,0,0.806906,0.805848,1.612754
2800,0,0.811304,0.813561,1.624865
2800,0,0.820968,0.812291,1.633259
2800,0,0.808014,0.811109,1.619123
2800,0,0.810041,0.817819,1.627860
2800,0,1.069429,0.823764,1.893193
2800,0,0.809330,0.809170,1.618500
2800,0,0.808824,0.815049,1.623873
2800,0,0.807585,0.817122,1.624707
