size,processes,read,SCC,elapsed
2800,8,0.148945,3.227945,3.376890
2800,8,0.241754,3.614707,3.856461
2800,8,0.150321,2.895789,3.046110
2800,8,0.163341,3.115767,3.279108
2800,8,0.160389,2.846974,3.007363
2800,8,0.120866,2.831986,2.952852
2800,8,0.130640,2.937744,3.068384
2800,8,0.161260,2.904433,3.065693
2800,8,0.138092,2.953328,3.091420
2800,8,0.166396,2.935524,3.101920
