size,processes,read,SCC,elapsed
2800,2,0.158716,1.127509,1.286225
2800,2,0.158659,1.175426,1.334085
2800,2,0.158833,1.125150,1.283983
2800,2,0.162068,1.121045,1.283113
2800,2,0.159459,1.119347,1.278806
2800,2,0.160571,1.017790,1.178361
2800,2,0.159290,1.176857,1.336147
2800,2,0.161114,1.122156,1.283270
2800,2,0.159499,1.121823,1.281322
2800,2,0.160470,1.128044,1.288514
