size,processes,read,SCC,elapsed
2800,2,0.158992,1.131510,1.290502
2800,2,0.165069,1.170449,1.335518
2800,2,0.162963,1.159252,1.322215
