size,processes,read,SCC,elapsed
2800,8,0.293747,4.413128,4.706875
2800,8,0.252864,3.219643,3.472507
2800,8,0.166405,3.233211,3.399616
