size,processes,read,SCC,elapsed
2800,4,0.085800,1.294753,1.380553
2800,4,0.097907,1.375788,1.473695
2800,4,0.084620,1.259062,1.343682
