size,processes,read,SCC,elapsed
2800,4,0.084716,1.368123,1.452839
2800,4,0.092993,1.477628,1.570621
2800,4,0.089938,1.465067,1.555005
2800,4,0.084723,1.394894,1.479617
2800,4,0.089130,1.433453,1.522583
2800,4,0.084117,1.340692,1.424809
2800,4,0.086123,1.424742,1.510865
2800,4,0.085033,1.130143,1.215176
2800,4,0.091275,1.451611,1.542886
2800,4,0.085165,1.368310,1.453475
