size,processes,read,SCC,elapsed
2800,1,0.321747,0.846536,1.168283
2800,1,0.318021,0.866941,1.184962
2800,1,0.316259,0.833255,1.149514
