, Version  , Processes , ReadFromFile ,   SCC   , Elapsed  , Speedup , Efficiency ,
,  Serial  ,     1     ,   2.37439    , 2.82885 , 5.20323  ,   1.0   ,    1.0     ,
, Parallel ,     1     ,    2.2007    , 3.58912 , 5.78982  , 0.89869 ,  0.89869   ,
, Parallel ,     2     ,   2.46421    ,  5.9366 , 8.40081  , 0.61937 ,  0.30969   ,
, Parallel ,     4     ,   2.20195    , 8.32243 , 10.52438 ,  0.4944 ,   0.1236   ,
, Parallel ,     8     ,   1.19595    , 7.27609 , 8.47204  , 0.61416 ,  0.07677   ,
, Parallel ,     16    ,   0.94936    , 5.57597 , 6.52534  , 0.79739 ,  0.04984   ,