size,processes,read,SCC,elapsed
800,0,2.382105,2.829360,5.211465
800,0,2.373888,2.828528,5.202416
800,0,2.367168,2.828653,5.195821
