size,processes,read,SCC,elapsed
800,16,1.189646,5.977707,7.167354
800,16,0.759502,5.465160,6.224662
800,16,0.898946,5.285043,6.183989
