size,processes,read,SCC,elapsed
800,1,2.258050,3.961526,6.219575
800,1,2.187885,3.401824,5.589709
800,1,2.156155,3.404024,5.560180
