size,processes,read,SCC,elapsed
800,8,1.542060,7.779959,9.322019
800,8,0.436571,7.565237,8.001808
800,8,1.609221,6.483083,8.092303
