size,processes,read,SCC,elapsed
800,4,2.005644,8.343102,10.348746
800,4,2.349704,8.063234,10.412939
800,4,2.250512,8.560958,10.811470
