size,processes,read,SCC,elapsed
800,2,2.429346,5.913812,8.343158
800,2,2.521854,6.696990,9.218844
800,2,2.441436,5.199003,7.640439
